Text,Date,Compound,Positive,Neutral,Negative,Tweets Ago
üê™üöÅ When a sheepdog doesn't quite cut it... https://t.co/l5vk7oKBop,Mon Jul 30 12:01:06 +0000 2018,0.257,0.225,0.0,0.775,1
"RT @BBCRadio4: BLOOPERS! 
@ProfBrianCox can't tell his hominins from his hominids. Or possibly the other way around.
Much more Monkey Cage‚Ä¶",Mon Jul 30 11:56:23 +0000 2018,0.0,0.0,0.0,1.0,2
"Why Americans will be able to 3D print their own guns from August.

https://t.co/8NR7qFaEZY",Mon Jul 30 11:03:01 +0000 2018,0.0,0.0,0.0,1.0,3
‚ù§Ô∏è The reaction when this little girl showed her school friends her new sports blade gives us all the feels.‚Ä¶ https://t.co/zp4vrauXes,Mon Jul 30 09:00:15 +0000 2018,0.477,0.129,0.0,0.871,4
"Now this is an impressive line-up!

Gemma Arterton, Catherine Tate, @Gemma_Chan1, @emiliaclarke, @IAMLenaHeadey and‚Ä¶ https://t.co/D5rDJJ7dyC",Mon Jul 30 08:13:57 +0000 2018,0.556,0.204,0.0,0.796,5
"üêà Our cats may purr when we pet them, but it‚Äôs a much more complicated form of communication than we've assumed.
üëâ‚Ä¶ https://t.co/vz6MdvigWx",Mon Jul 30 07:27:06 +0000 2018,0.0,0.0,0.0,1.0,6
"The pika might just be the world's cutest thief!
#AnimalsBehavingBadly https://t.co/v8dSKoVYgD",Mon Jul 30 07:01:05 +0000 2018,0.176,0.248,0.206,0.546,7
RT @bbcarts: Tsundoku: The art of buying books and never reading them https://t.co/nzmym0Gtsh,Sun Jul 29 20:26:13 +0000 2018,0.0,0.0,0.0,1.0,8
Stacey Dooley meets a Roma girl who turned to prostitution after she was removed from her parents at 13. https://t.co/I7opQRZ6Z2,Sun Jul 29 20:03:05 +0000 2018,0.0,0.0,0.0,1.0,9
"üá∫üá∏ @edballs travels to America's Deep South to immerse himself in the lives of those who put Trump in power, and le‚Ä¶ https://t.co/2oLWounf1y",Sun Jul 29 19:02:05 +0000 2018,0.422,0.109,0.0,0.891,10
"RT @BBCSport: Geraint Thomas has done it! üëèüè¥Û†ÅßÛ†Å¢Û†Å∑Û†Å¨Û†Å≥Û†Åø

He's become the first ever Welshman to win the Tour de France üëâ https://t.co/ZtkRdPtGio‚Ä¶",Sun Jul 29 17:29:30 +0000 2018,0.624,0.146,0.0,0.854,11
üòÇ A Scottish three year old's take on the summer holidays. https://t.co/SaCbnnlnUm,Sun Jul 29 17:03:03 +0000 2018,0.67,0.315,0.094,0.591,12
"üòÄ‚ô•Ô∏è Four-year-old Daniel and 91-year-old Stuart, who has dementia, have struck up an unlikely friendship. https://t.co/DVpVhIssTc",Sun Jul 29 16:06:01 +0000 2018,0.226,0.153,0.106,0.741,13
üòÇüì∫üá¶üá± Here‚Äôs what happened when @RomeshRanga went on Albanian TV. https://t.co/WQ8kMjSFco,Sun Jul 29 15:03:02 +0000 2018,0.0,0.0,0.0,1.0,14
Follow live coverage as 150 of the world's best cyclists compete on 200km of closed roads in London and Surrey. üö¥üö¥üö¥‚Ä¶ https://t.co/it0KrVzqqu,Sun Jul 29 14:01:05 +0000 2018,0.637,0.167,0.0,0.833,15
"RT @BBCSportWales: It's a matter of hours until Geraint Thomas is crowned as the first Welshman to win the Tour de France

üëâ Here's how he‚Ä¶",Sun Jul 29 13:20:07 +0000 2018,0.599,0.159,0.0,0.841,16
"RT @bbcgetinspired: Sam Maycock is fulfilling his dad Nigel's dream by taking on the 100-mile route in #RideLondon.

Nigel died in October‚Ä¶",Sun Jul 29 13:18:07 +0000 2018,-0.382,0.078,0.141,0.781,17
This teenager was banned from performing in drag at his school's end-of-year talent show. https://t.co/Hi6uXtSAFz,Sun Jul 29 13:01:07 +0000 2018,-0.273,0.142,0.249,0.609,18
"RT @BBCFood: Get the whole family making jaffa cakes this weekend üëá
https://t.co/8R0azXouDH https://t.co/xEC8aeQGs0",Sun Jul 29 11:21:30 +0000 2018,0.0,0.0,0.0,1.0,19
"What is #ThinPrivilege and who has it?
üëâ https://t.co/Ocbj6tAabk https://t.co/HMapWPvJt1",Sun Jul 29 11:01:05 +0000 2018,0.0,0.0,0.0,1.0,20
"Researchers have found evidence of an existing body of liquid water on Mars.
üëâ https://t.co/cmykUjdfxy https://t.co/d4FhfFj5Sr",Sun Jul 29 10:12:02 +0000 2018,0.0,0.0,0.0,1.0,21
"üòÇ With 37 Facebook likes and the world's most convoluted chant, the CNCSC is a force to be reckoned with.‚Ä¶ https://t.co/7wQhKjH26j",Sun Jul 29 09:03:08 +0000 2018,0.691,0.224,0.064,0.712,22
"üò• An endangered red squirrel has died after becoming trapped inside a discarded plastic jar.
üëâ‚Ä¶ https://t.co/19IZCDeWBZ",Sun Jul 29 08:01:07 +0000 2018,-0.905,0.106,0.457,0.437,23
"Two tiger brothers enjoy their first swimming lesson. üêØüí¶ #InternationalTigerDay

https://t.co/QNRnmqTcK5",Sun Jul 29 07:01:03 +0000 2018,0.494,0.242,0.0,0.758,24
"Stand-up comedy from Stewart Lee, recorded live from the Palace Theatre, Southend-on-Sea. 

Stewart Lee Content Pro‚Ä¶ https://t.co/VCNnbkhi7J",Sat Jul 28 20:45:06 +0000 2018,0.361,0.135,0.0,0.865,25
"RT @BBCOne: These seadragons are dancing together in a courtship ritual - and it's absolutely beautiful.

The complete series of Life is av‚Ä¶",Sat Jul 28 20:29:40 +0000 2018,0.636,0.173,0.0,0.827,26
The shocking story of a young man who shot his parents. https://t.co/6O1qzsiKAk,Sat Jul 28 20:02:03 +0000 2018,-0.402,0.0,0.213,0.787,27
RT @BBCTwo: Ever wondered how toilets are made? We're going #InsideTheFactory... üöΩüòÑ https://t.co/lgFuM6ER2p,Sat Jul 28 18:12:24 +0000 2018,0.0,0.0,0.0,1.0,28
üòÇ Genius https://t.co/nqWGYEEBy4,Sat Jul 28 18:07:05 +0000 2018,0.44,0.355,0.178,0.467,29
"'Doesn't matter what's written on the packet, wet wipes do not disintegrate.'
#TheFiveBillionPoundSuperSewer https://t.co/Ja9nBFnr6b",Sat Jul 28 17:03:00 +0000 2018,-0.019,0.0,0.076,0.924,30
"Are you sure you don‚Äôt gender-stereotype children?
#NoMoreBoysAndGirls https://t.co/iThZ2P6REW",Sat Jul 28 16:03:06 +0000 2018,0.318,0.223,0.0,0.777,31
"RT @bbcideas: Gin and tonic, the perfect pair. So, how did they come together? ü§î

More Edible Histories üé•: https://t.co/8nH3A1rqFP https://‚Ä¶",Sat Jul 28 15:31:04 +0000 2018,0.572,0.15,0.0,0.85,32
"RT @BBCSport: Geraint Thomas just needs to roll over the line in Paris tomorrow to win the 2018 Tour de France.

He'll become the first Wel‚Ä¶",Sat Jul 28 15:30:28 +0000 2018,0.586,0.132,0.0,0.868,33
"Branded and beaten: The children accused of witchcraft and murder.
üëâ https://t.co/0Lzx9wdLa1 https://t.co/Syvy5ca7QG",Sat Jul 28 15:04:06 +0000 2018,-0.866,0.0,0.427,0.573,34
üêæ‚ù§Ô∏è Heaven really is a place on Earth... https://t.co/hCE7MqzF2P,Sat Jul 28 14:06:01 +0000 2018,0.511,0.32,0.0,0.68,35
üìñü•™ A brief history of the humble sarnie. https://t.co/25GXnqIXZy,Sat Jul 28 13:02:06 +0000 2018,0.0,0.0,0.0,1.0,36
"RT @bbcgetinspired: ""You can rise again, it's not as though one thing happens to you and that's the end of your story."" 

After being hit b‚Ä¶",Sat Jul 28 12:02:40 +0000 2018,0.0,0.0,0.0,1.0,37
RT @BBCScienceNews: Climate change made heatwave 'twice as likely' https://t.co/FQqzyhbiK4,Sat Jul 28 12:02:08 +0000 2018,0.0,0.0,0.0,1.0,38
"üß† 'Damaging your brain might not kill you, but can change your behaviour.'

Five fascinating facts about the human‚Ä¶ https://t.co/XLoaV7C1uM",Sat Jul 28 11:03:04 +0000 2018,0.716,0.271,0.082,0.647,39
"RT @BBCWorld: Simply stunning!

The longest #BloodMoon eclipse of the 21st Century as seen around the world

https://t.co/aHwGkVc3OP https:‚Ä¶",Sat Jul 28 10:46:22 +0000 2018,0.439,0.138,0.0,0.862,40
Need to clean your headphone socket? Check out this #TechHack. https://t.co/RDtpHt03ZX,Sat Jul 28 10:05:04 +0000 2018,0.402,0.213,0.0,0.787,41
"üìöüåç With classic and contemporary choices perfectly matched to destinations all over the world, here's your ultimate‚Ä¶ https://t.co/fsadf3W3rU",Sat Jul 28 09:03:03 +0000 2018,0.637,0.198,0.0,0.802,42
üõå Namastay in bed! https://t.co/s2J2Uf4U99,Sat Jul 28 08:02:06 +0000 2018,0.0,0.0,0.0,1.0,43
üê∂ Hearing dogs can save a life. https://t.co/bTcvuvGYJt,Sat Jul 28 07:05:02 +0000 2018,0.494,0.314,0.0,0.686,44
A pair of beavers are being released into the Forest of Dean with the hope they'll help prevent flooding in the are‚Ä¶ https://t.co/wD23PTQUPg,Fri Jul 27 18:01:08 +0000 2018,0.691,0.261,0.0,0.739,45
RT @bbcpress: Stellar cast and creative team unveiled for @BBCOne adaptation of @PhilipPullman's #HisDarkMaterials: https://t.co/4Bm3OIaXCH‚Ä¶,Fri Jul 27 17:47:28 +0000 2018,0.44,0.172,0.0,0.828,46
üéÖüéÑüòÇ Too soon? https://t.co/L368bWE3t5,Fri Jul 27 17:02:03 +0000 2018,0.0,0.0,0.0,1.0,47
When your boss is looking for you but it's after 5pm... üëã #FridayFeeling https://t.co/J3NZSVi7jj,Fri Jul 27 15:59:00 +0000 2018,0.649,0.235,0.0,0.765,48
"üëÄ Who's excited to see the #BloodMoon tonight? 
#LunarEclipse https://t.co/jhx3zLDOTS",Fri Jul 27 15:16:01 +0000 2018,0.34,0.211,0.0,0.789,49
"üëÉüíê How teenage perfumes smell to you - an actual adult.
üëâ https://t.co/PCRmoujpVJ https://t.co/P0tmdqfbUC",Fri Jul 27 13:01:03 +0000 2018,0.0,0.0,0.0,1.0,50
"RT @BBCEarth: Just a seal getting a good tummy-rub from a diver, no biggie üòç

#OurBluePlanet with @Sealdiver https://t.co/L8yAINvPdJ",Fri Jul 27 12:50:53 +0000 2018,0.572,0.245,0.091,0.664,51
üò≥ This man wants people to stop pretending to have sex with his hedge. https://t.co/VbuY1xtbQ1,Fri Jul 27 12:24:44 +0000 2018,-0.202,0.08,0.125,0.795,52
RT @BBCClick: The @BBCProms projection show at the Royal Albert Hall had lights so strong that planes were told not to fly over it! https:/‚Ä¶,Fri Jul 27 12:14:56 +0000 2018,0.674,0.159,0.0,0.841,53
‚õ∑üê∂ This is one way to keep dogs cool in the heat! https://t.co/ObXmR8febC,Fri Jul 27 12:00:18 +0000 2018,0.38,0.178,0.0,0.822,54
"üî¨ From 'the God particle' to our ability to observe gravitational waves, here are 7 extraordinary things science ha‚Ä¶ https://t.co/j4tgSCx3vl",Fri Jul 27 11:02:04 +0000 2018,0.527,0.206,0.0,0.794,55
"üëÄüåù Skywatchers will be treated to the longest ""blood moon"" eclipse of the century tonight, with the totality period‚Ä¶ https://t.co/w1Eoi6fA9R",Fri Jul 27 09:51:01 +0000 2018,0.0,0.0,0.0,1.0,56
RT @bbccomedy: British or American Stand-up? ü§îüá¨üáßüá∫üá∏ https://t.co/HBxD8YmCSZ,Fri Jul 27 09:38:09 +0000 2018,0.0,0.0,0.0,1.0,57
üòÇ A Scottish three year old's take on the summer holidays. https://t.co/SaCbnnlnUm,Fri Jul 27 08:00:16 +0000 2018,0.67,0.315,0.094,0.591,58
‚ù§Ô∏èüìù A teenager who attached uplifting messages to a bridge to help people facing a mental health crisis has helped‚Ä¶ https://t.co/gGO3mXQkkd,Fri Jul 27 07:26:02 +0000 2018,-0.34,0.118,0.18,0.702,59
üíî @BoyGeorge discovers that in 1919 his grandmother was found wandering the streets alone as a 6 year old child.‚Ä¶ https://t.co/CmyXz2oGYr,Fri Jul 27 07:01:03 +0000 2018,-0.625,0.0,0.221,0.779,60
"After being abused on dating apps for having HIV, Joe has turned to art to help combat the stigma. 
(via @BBCThree) https://t.co/b6mar28jBl",Thu Jul 26 19:02:05 +0000 2018,-0.459,0.099,0.208,0.693,61
"Tonight, a team of inventors attempt to change the lives of three inspiring people with very different problems. üí°‚Ä¶ https://t.co/L7yN0qkCNz",Thu Jul 26 18:02:07 +0000 2018,-0.046,0.123,0.131,0.746,62
A dog called Minnie has been reunited with her owners two years after thieves stole a truck she was sleeping in. üê∂‚Ä¶ https://t.co/CzeVkauFSx,Thu Jul 26 17:01:06 +0000 2018,-0.511,0.0,0.142,0.858,63
"RT @bbcpress: Late for the first game of @BBCMOTD, missed the first dance on #Strictly or tuned in halfway through #EastEnders? Pushing the‚Ä¶",Thu Jul 26 16:11:16 +0000 2018,-0.296,0.0,0.091,0.909,64
"üòÄ‚ô•Ô∏è Four-year-old Daniel and 91-year-old Stuart, who has dementia, have struck up an unlikely friendship.  https://t.co/DVpVhIssTc",Thu Jul 26 16:02:03 +0000 2018,0.226,0.153,0.106,0.741,65
RT @bbcweather: It is officially the hottest day of the year so far in the UK with temperatures soaring to 35C in west London. https://t.co‚Ä¶,Thu Jul 26 15:40:44 +0000 2018,0.0,0.0,0.0,1.0,66
"""I would like to do it all over again. There was a war on but otherwise it was absolutely wonderful."" ‚ù§Ô∏èÔ∏è

Remember‚Ä¶ https://t.co/1cSKgxW5gF",Thu Jul 26 13:01:05 +0000 2018,-0.178,0.072,0.101,0.826,67
"üòÆ You don't want to get between two fighting kangaroos!
#LifeStory https://t.co/xX95kVkWJU",Thu Jul 26 12:02:06 +0000 2018,-0.461,0.0,0.236,0.764,68
"A record number of primary school children are leaving school severely obese, according to new figures from Public‚Ä¶ https://t.co/nmc8w0pnGW",Thu Jul 26 11:00:16 +0000 2018,-0.402,0.064,0.148,0.788,69
"RT @BBCEngland: The last living female pilot from World War Two, Mary Ellis, has died aged 101 at her home on the Isle of Wight https://t.c‚Ä¶",Thu Jul 26 08:45:35 +0000 2018,-0.818,0.0,0.238,0.762,70
"This school is tackling their single-use plastic problem one lunchbox at a time.
#PlasticsAction https://t.co/dBJBC46C06",Thu Jul 26 08:00:00 +0000 2018,-0.402,0.0,0.172,0.828,71
We call violence an ‚Äòepidemic‚Äô ‚Äì and there is reason to take that literally... treating it like an infectious disea‚Ä¶ https://t.co/871oH89IB6,Thu Jul 26 07:28:06 +0000 2018,-0.382,0.102,0.167,0.732,72
"‚ô®Ô∏èüò¥ Having trouble sleeping in this heatwave?
#HeatwaveUK https://t.co/N8Nstm5gC7",Thu Jul 26 07:01:02 +0000 2018,-0.402,0.0,0.252,0.748,73
"Colin Firth stars in an award-winning adaptation of Jane Austen's classic romance. üìöüòç

Pride and Prejudice |‚Ä¶ https://t.co/bgxyIt8i5g",Wed Jul 25 19:02:00 +0000 2018,0.402,0.247,0.136,0.617,74
"From @rosskemp to @sirpatstew: these are the ultimate Extras celebrity cameos. üòÇ

https://t.co/MzLh704sPC",Wed Jul 25 18:02:05 +0000 2018,0.44,0.184,0.092,0.725,75
"Is this Africa‚Äôs most inventive neighbourhood? üí°üåøü•ë

https://t.co/xgeQCMM1XP",Wed Jul 25 16:02:05 +0000 2018,0.0,0.0,0.0,1.0,76
"Researchers have found evidence of an existing body of liquid water on Mars.
üëâ https://t.co/cmykUjdfxy https://t.co/F45qHNXcOR",Wed Jul 25 14:37:40 +0000 2018,0.0,0.0,0.0,1.0,77
RT @BBCWthrWatchers: On Friday night you may see the moon turn red during a total lunar eclipse. Lasting 1 hr 40 mins it will be the longes‚Ä¶,Wed Jul 25 13:57:01 +0000 2018,0.0,0.0,0.0,1.0,78
"üíâ A jab that protects against a virus that causes cervical cancer will be given to boys aged 12 to 13 in England.
üëâ‚Ä¶ https://t.co/joOj8vMupR",Wed Jul 25 13:02:05 +0000 2018,-0.477,0.083,0.159,0.758,79
"RT @bbcpress: ü§£ Want to write comedy? Want a six-month bursary to train and develop your skills at the BBC?
‚è∞ TIME IS RUNNING OUT! The dead‚Ä¶",Wed Jul 25 12:40:25 +0000 2018,0.676,0.24,0.064,0.696,80
"üåäüê¨ These dolphins were rescued after getting stranded in shallow water in Tasmania. 

https://t.co/MRqRBxsctW",Wed Jul 25 12:03:04 +0000 2018,0.422,0.177,0.0,0.823,81
"'I downloaded all my Facebook data and it was a nightmare'. üíªü§¶‚Äç‚ôÄÔ∏è

Have you ever wondered what your data actually l‚Ä¶ https://t.co/0sNfkSket7",Wed Jul 25 11:02:03 +0000 2018,0.0,0.0,0.0,1.0,82
"A startling insight into how society viewed the role of women in the 20th century. #WashesWhiter

https://t.co/BIoTfZ5DPG",Wed Jul 25 08:04:03 +0000 2018,0.077,0.08,0.0,0.92,83
"A watchdog has warned that the packaging you recycle 'may end up in landfill'. ‚ôªÔ∏èüóë

https://t.co/7q7NwFYVBh https://t.co/8SqE3kZ3j8",Wed Jul 25 07:31:07 +0000 2018,-0.273,0.0,0.123,0.877,84
"Why we should all love whale poo... üíöüêãüí© 

#OurBluePlanet

https://t.co/VePUiOOE3F",Wed Jul 25 07:02:05 +0000 2018,0.637,0.318,0.0,0.682,85
"Fish are losing their sense of smell because of a rise in CO2 levels, according to new research. üêüüíî‚Ä¶ https://t.co/9EWLY0pLrH",Tue Jul 24 19:03:05 +0000 2018,-0.382,0.0,0.126,0.874,86
The best way EVER to deal with a scam. https://t.co/nqWGYEEBy4,Tue Jul 24 18:00:19 +0000 2018,0.128,0.282,0.248,0.47,87
"üå°üçÇ From Carnoustie to London, the heatwave has left Britain's parks and lawns parched.

üì∑ https://t.co/yqcbYgu5Y7‚Ä¶ https://t.co/I0rzDBzXOp",Tue Jul 24 17:02:07 +0000 2018,0.0,0.0,0.0,1.0,88
"These birds woo the ladies with popcorn and cartwheels.
#AnimalsBehavingBadly https://t.co/HUArZNsNXy",Tue Jul 24 16:02:09 +0000 2018,0.477,0.237,0.0,0.763,89
"Got kids who are on school holidays? 

üì±The ‚ÄòCBBC Buzz‚Äô app is free, fun and there‚Äôs something for you, whatever yo‚Ä¶ https://t.co/RCuJvRzW8D",Tue Jul 24 13:01:03 +0000 2018,0.848,0.326,0.0,0.674,90
"RT @BBCOxford: Oxford's Soup Peddler - who has given more than 4,000 free meals to the homeless - is hanging up his ladle.
Could you carry‚Ä¶",Tue Jul 24 12:16:10 +0000 2018,0.552,0.134,0.0,0.866,91
"üë®‚Äçüé§üçû The first known studio recording of David Bowie is set for auction after being found in an old bread basket.
üëâ‚Ä¶ https://t.co/5R2Pmr8gBf",Tue Jul 24 12:03:04 +0000 2018,0.0,0.0,0.0,1.0,92
"'Doesn't matter what's written on the packet, wet wipes do not disintegrate.' https://t.co/sFUvFL8OaL",Tue Jul 24 11:01:00 +0000 2018,-0.019,0.0,0.082,0.918,93
RT @bbcworldservice: *Calling all Star Wars fans!* This is a VR experience where you star in the storyline. Hear more about Lucasfilm's VR‚Ä¶,Tue Jul 24 09:53:15 +0000 2018,-0.598,0.0,0.156,0.844,94
The perfect picnic doesn't exi... https://t.co/hCE7MqzF2P,Tue Jul 24 08:00:10 +0000 2018,0.572,0.425,0.0,0.575,95
üë∂üëµ Most people feel younger or older than they really are ‚Äì and this 'subjective age' has a big effect on their phy‚Ä¶ https://t.co/vGnFI1TfmB,Tue Jul 24 07:27:04 +0000 2018,0.0,0.0,0.0,1.0,96
Meet the man who escaped locked-in syndrome and is about to become a dad. https://t.co/x0Bkz8R176,Tue Jul 24 07:00:18 +0000 2018,0.0,0.0,0.0,1.0,97
"Film-maker Mo Naqvi attempts to decide who to vote for in Pakistan's upcoming election.

Storyville: Insha'Allah De‚Ä¶ https://t.co/u7nu633Gt2",Mon Jul 23 20:03:06 +0000 2018,0.0,0.0,0.0,1.0,98
"üíà‚ù§Ô∏è Meet the barber tackling mental health one beard trim at a time.
(via @BBCThree) https://t.co/sTbcQnZ2ck",Mon Jul 23 18:02:06 +0000 2018,0.0,0.0,0.0,1.0,99
"Follow the transportation of a herd of elephants from the Midlands to their new seaside home. üêò

Elephants on the M‚Ä¶ https://t.co/nvfAlmyl21",Mon Jul 23 17:31:04 +0000 2018,0.0,0.0,0.0,1.0,100
"Housewives. PTA moms. School volunteers. Starting TONIGHT, hear the stories of seemingly innocent women who put it‚Ä¶ https://t.co/5TA15OiTuh",Sat Jul 28 16:43:56 +0000 2018,0.34,0.124,0.0,0.876,1
"This is one allowance that can‚Äôt be beat! Kids are winning big this week on @PriceIsRight. üéâ
 https://t.co/lncKu9XvNo",Wed Jul 25 17:25:36 +0000 2018,0.75,0.273,0.0,0.727,2
"Renowned artists Cher, Philip Glass, Reba McEntire, Wayne Shorter, and the co-creators of #Hamilton will be recogni‚Ä¶ https://t.co/PEjjI9MKE1",Wed Jul 25 15:12:31 +0000 2018,0.0,0.0,0.0,1.0,3
Who's excited for the return of @MurphyBrownCBS? Here's a behind-the-scenes look at the first table read of the sea‚Ä¶ https://t.co/1B5S4WJnCW,Wed Jul 25 01:05:03 +0000 2018,0.34,0.118,0.0,0.882,4
"Mark your calendars because you won‚Äôt want to miss this! Former Secretaries of State @HillaryClinton, @Madeleine, a‚Ä¶ https://t.co/JKDPp97OqN",Tue Jul 24 18:54:14 +0000 2018,-0.151,0.068,0.099,0.834,5
The cast couldn‚Äôt be more excited to welcome @ansonmount into the @startrekcbs family! Who‚Äôs ready to see the iconi‚Ä¶ https://t.co/fOS4f4VCb2,Mon Jul 23 21:30:33 +0000 2018,0.829,0.34,0.0,0.66,6
RT @startrekcbs: Stream the full panel &amp; learn all the exclusive details revealed about season 2 of #StarTrekDiscovery at @Comic_Con: https‚Ä¶,Sun Jul 22 01:56:13 +0000 2018,0.128,0.073,0.0,0.927,7
RT @MagnumPICBS: Couldn't make it to San Diego for the #MagnumPI panel? Here's everything you missed at #SDCC2018: https://t.co/Z7IBqF1YJ8‚Ä¶,Sat Jul 21 00:55:28 +0000 2018,-0.296,0.0,0.109,0.891,8
RT @bigbangtheory: The #BigBangTheory writers teased a honeymoon episode and more @YoungSheldon characters in Season 12 while speaking at #‚Ä¶,Sat Jul 21 00:19:12 +0000 2018,-0.296,0.0,0.109,0.891,9
"RT @TrueCrimeCBS: When you find out you‚Äôve been treated with chemo, but you don‚Äôt have cancer. #Whistleblower https://t.co/DAKwu1vcNX",Sat Jul 21 00:10:00 +0000 2018,-0.796,0.0,0.264,0.736,10
George blew the whistle on a doctor targeting those who believed they had cancer. What was the outcome? Find out to‚Ä¶ https://t.co/rLlNzlK3Cy,Fri Jul 20 23:44:54 +0000 2018,-0.66,0.0,0.18,0.82,11
"RT @startrekcbs: Discover the next adventure of Starfleet in this first look at the season 2 premiere, coming early 2019. Season 1 is now s‚Ä¶",Fri Jul 20 22:29:36 +0000 2018,0.318,0.095,0.0,0.905,12
Take a trip down memory lane with the cast and crew of @MagnumPICBS at #SDCC2018! https://t.co/jHVxm7kyaT,Fri Jul 20 21:39:09 +0000 2018,0.0,0.0,0.0,1.0,13
"This @cbsallaccess series is unlike any fairy tale you've ever seen before. @paulwesley, @kevwilliamson &amp;‚Ä¶ https://t.co/icsSnPxKAr",Fri Jul 20 15:08:23 +0000 2018,0.0,0.0,0.0,1.0,14
ü§∞üë©‚Äçüëßüö´üç∏ #WorldEmojiDay,Tue Jul 17 17:55:25 +0000 2018,0.0,0.0,0.0,1.0,15
üë®üìù‚úîÔ∏è¬†#WorldEmojiDay,Tue Jul 17 17:22:29 +0000 2018,0.0,0.0,0.0,1.0,16
üë©‚Äçüíºüíºüá∫üá∏¬†#WorldEmojiDay,Tue Jul 17 17:22:29 +0000 2018,0.0,0.0,0.0,1.0,17
üïµÔ∏èüïµÔ∏è‚Äç‚ôÄÔ∏è¬†#WorldEmojiDay,Tue Jul 17 17:22:29 +0000 2018,0.0,0.0,0.0,1.0,18
‚öìÔ∏èü¶Öüá∫üá∏¬†#WorldEmojiDay,Tue Jul 17 17:22:29 +0000 2018,0.0,0.0,0.0,1.0,19
üèÑüå¥üöî¬†#WorldEmojiDay,Tue Jul 17 17:22:29 +0000 2018,0.0,0.0,0.0,1.0,20
üíôüëÆüçΩ¬†#WorldEmojiDay,Tue Jul 17 17:22:28 +0000 2018,0.0,0.0,0.0,1.0,21
üí£üìé¬†#WorldEmojiDay,Tue Jul 17 17:22:28 +0000 2018,0.0,0.0,0.0,1.0,22
üåé‚òÑÔ∏è¬†#WorldEmojiDay,Tue Jul 17 17:22:28 +0000 2018,0.0,0.0,0.0,1.0,23
üè∑üí∞üé∞¬†#WorldEmojiDay,Tue Jul 17 17:22:28 +0000 2018,0.0,0.0,0.0,1.0,24
üë∂üò¥üö´¬†#WorldEmojiDay,Tue Jul 17 17:22:28 +0000 2018,0.0,0.0,0.0,1.0,25
ü§ùüíºüí∞¬†#WorldEmojiDay,Tue Jul 17 17:22:28 +0000 2018,0.0,0.0,0.0,1.0,26
üíÑüë†üì∑¬†#WorldEmojiDay,Tue Jul 17 17:22:27 +0000 2018,0.0,0.0,0.0,1.0,27
üèùüî•üíµ¬†#WorldEmojiDay,Tue Jul 17 17:22:27 +0000 2018,0.0,0.0,0.0,1.0,28
üêÆ‚öñÔ∏è¬†#WorldEmojiDay,Tue Jul 17 17:22:27 +0000 2018,0.0,0.0,0.0,1.0,29
üè†üìπüìπüìπ¬†#WorldEmojiDay,Tue Jul 17 17:22:27 +0000 2018,0.0,0.0,0.0,1.0,30
üë∂üí•üåéüî¨¬†#WorldEmojiDay,Tue Jul 17 17:22:27 +0000 2018,0.0,0.0,0.0,1.0,31
üí•üåéüî¨¬†#WorldEmojiDay,Tue Jul 17 17:22:26 +0000 2018,0.0,0.0,0.0,1.0,32
Celebrate #WorldEmojiDay with a fun game! Use the emoji sequences below to guess the CBS show. üëá Tweet your respons‚Ä¶ https://t.co/LCqvuVtkXK,Tue Jul 17 17:22:26 +0000 2018,0.807,0.258,0.0,0.742,33
"Stand up. Speak up. Blow the whistle. 

Don't miss the premiere of the @TrueCrimeCBS series #Whistleblower tonight‚Ä¶ https://t.co/uNhx4Codc2",Fri Jul 13 21:35:01 +0000 2018,0.114,0.078,0.0,0.922,34
"RT @TheNeighborhood: There's a new family on the block, and they're about to turn this neighborhood upside down. @CedEntertainer and @Tichi‚Ä¶",Fri Jul 13 21:15:41 +0000 2018,-0.44,0.0,0.132,0.868,35
Take a walk down @YandR_CBS memory lane with stars @JessWaltonYR and Peter Bergman! You can watch full episodes of‚Ä¶ https://t.co/MZEUfiJJyb,Fri Jul 13 17:49:38 +0000 2018,0.0,0.0,0.0,1.0,36
RT @TKOCBS: Prepare to have some major FUN. #TKO starts NOW! https://t.co/i2ftL6GCj5,Thu Jul 12 01:01:24 +0000 2018,0.651,0.282,0.0,0.718,37
"It‚Äôs fun, different, unique, and finally here! @TKOCBS hosted by @KevinHart4real premieres at 9/8c on CBS and‚Ä¶ https://t.co/MCeVLVK85i",Wed Jul 11 21:44:45 +0000 2018,0.556,0.174,0.0,0.826,38
"RT @MagnumPICBS: Talk about hands-on research! #MagnumPI's cast had the honor of joining the US Navy Submarine Force, US Pacific Fleet #Sub‚Ä¶",Wed Jul 11 19:09:34 +0000 2018,0.541,0.143,0.0,0.857,39
Time to mark your calendars! CBS' fall 2018 premiere lineup has been announced: https://t.co/yYv3H9aEO7 https://t.co/lRxAA7suie,Mon Jul 09 23:55:07 +0000 2018,0.0,0.0,0.0,1.0,40
"RT @TKOCBS: The Ball Buster, the Frisboom, the Spike Launcher, and the Slammer‚Ä¶ Get to know all of the #TKO Battle Stations: https://t.co/2‚Ä¶",Mon Jul 09 18:53:34 +0000 2018,-0.382,0.0,0.106,0.894,41
"RT @cbsallaccess: How much does it cost to bury the truth? #OneDollar premieres August 30, exclusively on CBS All Access. https://t.co/2HdY‚Ä¶",Mon Jul 09 18:09:00 +0000 2018,0.318,0.103,0.0,0.897,42
"RT @SalvationCBS: Mark your calendars, #Salvies: Monday's new #SalvationCBS will air at a special time, 10/9c. https://t.co/RUh1J7cfj8",Fri Jul 06 22:22:55 +0000 2018,0.402,0.153,0.0,0.847,43
Happy #InternationalKissingDay! See which stars we caught locking lips on the CBS Kiss Cam. üòò https://t.co/oMPCHZlgCl,Fri Jul 06 18:26:37 +0000 2018,0.862,0.39,0.0,0.61,44
Have you heard? Tonight's the first Live Show of #BB20. Grab a seat and get ready to watch the action unfold on CBS‚Ä¶ https://t.co/0YgRV1HLGd,Thu Jul 05 21:12:17 +0000 2018,0.361,0.102,0.0,0.898,45
"How much does it cost to bury the truth? #OneDollar premieres Thursday, August 30, exclusively on CBS All Access.‚Ä¶ https://t.co/1tab8eCaFz",Mon Jul 02 21:13:11 +0000 2018,0.318,0.108,0.0,0.892,46
Take a first look at our @Comic_Con lineup along with details of what you can expect to see:‚Ä¶ https://t.co/JqBtlKcwq3,Mon Jul 02 20:47:32 +0000 2018,0.0,0.0,0.0,1.0,47
RT @TrueCrimeCBS: Two new true-crime series are set to premiere this July on CBS! Learn more about #Whistleblower and #PinkCollarCrimes bef‚Ä¶,Mon Jul 02 17:27:06 +0000 2018,0.0,0.0,0.0,1.0,48
"If at first you don‚Äôt succeed on @PriceIsRight‚Ä¶bid, bid again! https://t.co/OWBaOsFZ3i",Mon Jul 02 17:00:02 +0000 2018,0.541,0.259,0.0,0.741,49
What‚Äôs summer without @CBSBigBrother? ‚òÄÔ∏è RT if you‚Äôre counting down the hours to the #BB20 premiere TONIGHT at 8/7c‚Ä¶ https://t.co/Xp1s4Fp5J8,Wed Jun 27 20:31:32 +0000 2018,0.0,0.0,0.0,1.0,50
"It looks like you...

(‚Ä¢_‚Ä¢)
( ‚Ä¢_‚Ä¢)&gt;‚åê‚ñ†-‚ñ†
(‚åê‚ñ†_‚ñ†)

Have a lot of TV to watch!

Celebrate #NationalSunglassesDay with H‚Ä¶ https://t.co/Babt4ajIgV",Wed Jun 27 14:00:01 +0000 2018,0.757,0.289,0.0,0.711,51
The world will finally know the truth. ‚òÑÔ∏è Make sure to tune in to the heart-pounding Season 2 premiere of‚Ä¶ https://t.co/mqMleW90DY,Mon Jun 25 18:20:25 +0000 2018,0.557,0.204,0.0,0.796,52
Tonight's the night! Don't miss model @ashleygraham on the season finale of Celebrity @undercover_cbs at 8/7c. https://t.co/iBxAOcOF7a,Fri Jun 22 21:19:06 +0000 2018,0.187,0.098,0.0,0.902,53
"Every day is #TakeYourDogToWorkDay for shows like @HawaiiFive0CBS, @MomCBS, @SEALTeamCBS, and @bigbangtheory! https://t.co/DJaOt1VQcw",Fri Jun 22 18:33:53 +0000 2018,0.42,0.189,0.0,0.811,54
"Lights, camera, selfie! üì∏¬†Could there be a better photo for #NationalSelfieDay? https://t.co/14Ewx64yKC",Thu Jun 21 23:29:50 +0000 2018,0.493,0.197,0.0,0.803,55
There‚Äôs nothing quite like watching a contestant win a brand new car on @PriceIsRight. üëè  https://t.co/aKlFikYAMM,Wed Jun 20 00:39:01 +0000 2018,0.356,0.199,0.122,0.68,56
Time to make your predictions for #BB20! üëè Get to know the @CBSBigBrother Houseguests before the big premiere next‚Ä¶ https://t.co/jlpIchJ9sk,Mon Jun 18 20:27:50 +0000 2018,0.0,0.0,0.0,1.0,57
RT @CBSBigBrother: Meet the cast of #BB20... before anyone else! Start streaming all their live interviews beginning at 11am EST/8am PST on‚Ä¶,Mon Jun 18 15:00:46 +0000 2018,0.0,0.0,0.0,1.0,58
"Today and every day we celebrate their love, guidance, and support. Happy #FathersDay to every kind of dad! https://t.co/Wffax1khBH",Sun Jun 17 13:00:01 +0000 2018,0.939,0.493,0.0,0.507,59
"Casting Alert! @paulwesley, @DaniaJRamirez &amp; @JamesWolk are set to star in the upcoming CBS All Access psychologica‚Ä¶ https://t.co/JnZMrzT92n",Fri Jun 15 18:48:29 +0000 2018,0.36,0.128,0.0,0.872,60
"In case you missed it, watch the entire #TonyAwards now: https://t.co/Bm0yNV3Ff3 https://t.co/h3YnFkmSQJ",Thu Jun 14 17:30:00 +0000 2018,-0.296,0.0,0.167,0.833,61
RT @StrangeAngel: Mastermind or maniac? Explore the brilliant mind of Jack Parsons in #StrangeAngel. Now streaming on CBS All Access: https‚Ä¶,Thu Jun 14 16:19:32 +0000 2018,0.178,0.147,0.12,0.734,62
"No pain, no gain, ALL Hart! Just one month until the premiere of @TKOCBS hosted by @KevinHart4real. https://t.co/C1yMCglxVn",Tue Jun 12 00:19:23 +0000 2018,-0.556,0.134,0.315,0.551,63
"RT @TheNeighborhood: Welcome to #TheNeighborhood, @BethBehrs! The @2BrokeGirls star returns to @CBS in a new sitcom alongside @CedEntertain‚Ä¶",Mon Jun 11 22:23:06 +0000 2018,0.509,0.171,0.0,0.829,64
"In case you missed it, watch the entire #TonyAwards now: https://t.co/Bm0yNV3Ff3 https://t.co/3GA5otlcPa",Mon Jun 11 19:01:38 +0000 2018,-0.296,0.0,0.167,0.833,65
How do you know @SaraBareilles and @joshgroban's music? #TonyAwards https://t.co/POMXBORfUT,Mon Jun 11 14:00:37 +0000 2018,0.0,0.0,0.0,1.0,66
Here are all the performances from the 2018 #TonyAwards: https://t.co/gN4ItpFlRd https://t.co/fSMNBXKC9r,Mon Jun 11 06:19:36 +0000 2018,0.0,0.0,0.0,1.0,67
See the complete list of winners from the 2018 #TonyAwards: https://t.co/9XK6CGeber https://t.co/HkUIN4Quej,Mon Jun 11 06:04:41 +0000 2018,0.477,0.22,0.0,0.78,68
An end to a magical evening. The Band's Visit wins for Best Musical! #TonyAwards https://t.co/ODza97n8YH,Mon Jun 11 03:10:33 +0000 2018,0.848,0.406,0.0,0.594,69
Congratulations are in order for @TheKatrinaLenk! She just won for Best Leading Actress in a Musical. #TonyAwards https://t.co/t9bNvpiEmH,Mon Jun 11 03:02:06 +0000 2018,0.92,0.463,0.0,0.537,70
"RT @CBSThisMorning: Hmm... something seems off here @SaraBareilles @JoshGroban. üòÇ

@WaitressMusical @GreatCometBway #TonyAwards https://t.c‚Ä¶",Mon Jun 11 02:58:30 +0000 2018,0.44,0.175,0.088,0.737,71
RT @_stobin13: watching the #TonyAwards after going to 3 broadway shows this weekend makes it even better üòçü§©,Mon Jun 11 02:56:40 +0000 2018,0.44,0.153,0.0,0.847,72
Tony Shalhoub wins Best Leading Actor in a Musical. #TonyAwards   #TheBandsVisit https://t.co/KcUDSicKI5,Mon Jun 11 02:56:10 +0000 2018,0.836,0.467,0.0,0.533,73
The Boss looks right at home on the #TonyAwards stage! https://t.co/pwjv4iydkn,Mon Jun 11 02:53:00 +0000 2018,0.0,0.0,0.0,1.0,74
RT @Aatamianphoto: Springsteen is on the #TonyAwards and I love it.,Mon Jun 11 02:47:29 +0000 2018,0.637,0.318,0.0,0.682,75
Inspiration: Get to your YES! #OnceOnThisIsland #TonyAwards https://t.co/Wjp0QIWfXq,Mon Jun 11 02:44:50 +0000 2018,0.798,0.543,0.0,0.457,76
The feeling when you win a Tony. üôå¬†Congratulations to Once on This Island for winning Best Revival of a Musical!‚Ä¶ https://t.co/UpFCqgBTwh,Mon Jun 11 02:44:37 +0000 2018,0.952,0.516,0.0,0.484,77
What a beautiful performance by the cast of #TheBandsVisit. #TonyAwards https://t.co/4Hw96kZvrf,Mon Jun 11 02:33:09 +0000 2018,0.599,0.302,0.0,0.698,78
"""I'm a living example of how theatre can change you - and it didn't just change me, it saved me."" @JohnLeguizamo at‚Ä¶ https://t.co/4ICwMhb6hv",Mon Jun 11 02:29:18 +0000 2018,0.422,0.123,0.0,0.877,79
Angels in America takes the win for Best Revival of a Play! #TonyAwards https://t.co/zodW61tw8a,Mon Jun 11 02:23:56 +0000 2018,0.893,0.517,0.0,0.483,80
"RT @leahableson: The Once On This Island Goat And Chicken made it to the broadcast, Mama WILL provide #TonyAwards",Mon Jun 11 02:21:03 +0000 2018,0.0,0.0,0.0,1.0,81
That performance was the GOAT. #TonyAwards https://t.co/mtoU92HipQ,Mon Jun 11 02:16:06 +0000 2018,0.0,0.0,0.0,1.0,82
Harry Potter and the Cursed Child wins Best Play at the #TonyAwards! @HPPlayNYC https://t.co/WIqJQmtAlN,Mon Jun 11 02:11:03 +0000 2018,0.891,0.491,0.0,0.509,83
üé∂ ‚ÄúLet's dance this last dance tonight.‚Äù üé∂ #TonyAwards #DonnaSummerMusical https://t.co/UAIaglChfv,Mon Jun 11 02:05:47 +0000 2018,0.0,0.0,0.0,1.0,84
Hope he brought enough birthday cake for everyone! #TonyAwards https://t.co/FlLbKV6oj8,Mon Jun 11 02:03:31 +0000 2018,0.493,0.262,0.0,0.738,85
@writerlindsayb You're welcome! #TonyAwards,Mon Jun 11 01:58:48 +0000 2018,0.509,0.523,0.0,0.477,86
RT @hjmayer8: I sure do love @DearEvanHansen üíô #TonyAwards,Mon Jun 11 01:53:17 +0000 2018,0.758,0.481,0.0,0.519,87
"RT @Valerie4815: What a birthday present, the Tony audience singing happy birthday to you!! #TonyAwards",Mon Jun 11 01:51:16 +0000 2018,0.647,0.248,0.0,0.752,88
If only this performance could go on forever. #TonyAwards @FrozenBroadway https://t.co/p2BMUvyTxr,Mon Jun 11 01:38:23 +0000 2018,0.0,0.0,0.0,1.0,89
RT @anna_villanueva: Magnificent performance from the cast of @FrozenBroadway! #TonyAwards2018 #TonyAwards #Tonys,Mon Jun 11 01:37:36 +0000 2018,0.636,0.276,0.0,0.724,90
Glenda Jackson wins Best Leading Actress in a Play. #TonyAwards @threetallwomen https://t.co/GRp1gcBuiW,Mon Jun 11 01:30:56 +0000 2018,0.883,0.563,0.0,0.437,91
.@SaraBareilles is totally a Gryffindor. #TonyAwards https://t.co/OPQ7esk2dn,Mon Jun 11 01:29:21 +0000 2018,0.0,0.0,0.0,1.0,92
RT @IzzyNY202: How impressive are these Marjory Stoneman Douglas students? That #TonyAwards performance reduced me to tears. Amazing.,Mon Jun 11 01:26:03 +0000 2018,0.735,0.296,0.079,0.625,93
RT @KatLargent: MAGIC #TonyAwards,Mon Jun 11 01:25:59 +0000 2018,0.0,0.0,0.0,1.0,94
Such a touching moment at the #TonyAwards. ‚ù§Ô∏è https://t.co/4kJWTHVPZ8,Mon Jun 11 01:24:46 +0000 2018,0.0,0.0,0.0,1.0,95
.@Matt_Morrison welcomes the Marjory Stoneman Douglas High School theatre department to the stage. #TonyAwards https://t.co/5dxa9smeka,Mon Jun 11 01:24:12 +0000 2018,0.402,0.162,0.0,0.838,96
So many feels at the #TonyAwards. Congratulations to @arielstachel for winning Best Featured Actor in a Musical!‚Ä¶ https://t.co/m1aRNIHPRK,Mon Jun 11 01:19:59 +0000 2018,0.915,0.457,0.0,0.543,97
RT @McBenefit: I love everything about you @UzoAduba. #TonyAwards,Mon Jun 11 01:12:31 +0000 2018,0.637,0.375,0.0,0.625,98
RT if that musical number by the cast of Carousel blew you away! #TonyAwards https://t.co/CMzMNtcAQO,Mon Jun 11 01:08:28 +0000 2018,0.151,0.102,0.0,0.898,99
Nathan Lane saw his #AngelsinAmerica role as a challenge. How will you challenge yourself in 2018? #TonyAwards https://t.co/3WXd6AqgBi,Mon Jun 11 01:08:24 +0000 2018,0.153,0.148,0.0,0.852,100
"Alcohol in breast milk may lead to lower cognition in kids, study finds https://t.co/tOhWphxOWx https://t.co/HeFmBqJb7l",Mon Jul 30 12:08:02 +0000 2018,-0.296,0.0,0.136,0.864,1
A German cruise line is facing outrage after one of its employees shot and killed a wild polar bear in Norway after‚Ä¶ https://t.co/hFdt7KMJX4,Mon Jul 30 11:55:41 +0000 2018,-0.832,0.0,0.291,0.709,2
Man spoke with his wife in the moments before she and 2 great-grandkids died in California's Carr Fire‚Ä¶ https://t.co/cgkcEAdV2E,Mon Jul 30 11:43:51 +0000 2018,-0.557,0.0,0.175,0.825,3
Australian Archbishop Philip Wilson resigns after sex abuse coverup https://t.co/nG8gtm1k81 https://t.co/v9QaSRyllC,Mon Jul 30 11:32:14 +0000 2018,-0.758,0.0,0.419,0.581,4
Safety measures will be in place to protect mourners at the funeral of a Novichok victim in the UK https://t.co/dQ9adpJkxB,Mon Jul 30 11:21:02 +0000 2018,-0.25,0.201,0.276,0.522,5
More than 4 million people have been excluded from Indian citizenship in a controversial registry‚Ä¶ https://t.co/r90hOiUmM6,Mon Jul 30 11:10:09 +0000 2018,-0.494,0.0,0.259,0.741,6
Zimbabweans are voting in what many hope will be something the country has never seen before: a free and fair elect‚Ä¶ https://t.co/5eK5TOSDTK,Mon Jul 30 10:58:18 +0000 2018,0.361,0.201,0.104,0.695,7
Scientists are proposing the radical evolutionary step of genetically engineering mice to get rid of Lyme disease‚Ä¶ https://t.co/mwmaya65GL,Mon Jul 30 10:47:40 +0000 2018,0.0,0.0,0.0,1.0,8
The UK Foreign Secretary accidentally called his Chinese wife Japanese. In Beijing. https://t.co/yu4dDFMg5l https://t.co/sUxQ9dU4Qp,Mon Jul 30 10:41:10 +0000 2018,-0.34,0.0,0.156,0.844,9
Scientists are borrowing cancer-fighting techniques to treat Alzheimer's https://t.co/rtJJQUJEY9,Mon Jul 30 10:34:25 +0000 2018,0.402,0.252,0.0,0.748,10
How reporter Ronan Farrow keeps landing #MeToo scoops https://t.co/vXMelYQYEB https://t.co/vV9se8w5oP,Mon Jul 30 10:28:05 +0000 2018,0.0,0.0,0.0,1.0,11
Missed the longest total lunar eclipse of the century on Friday? Here are the best shots https://t.co/uNuFNGdzpW https://t.co/uobCPFubKG,Mon Jul 30 10:22:00 +0000 2018,0.459,0.188,0.098,0.714,12
"In a previously undisclosed TSA program, US federal air marshals are tracking American citizens not suspected of a‚Ä¶ https://t.co/PgHzC43kqM",Mon Jul 30 10:21:59 +0000 2018,0.17,0.089,0.0,0.911,13
"Qatar World Cup organizers have denied allegations they ran a ""black operations"" campaign in their successful effor‚Ä¶ https://t.co/Ao6pfVa0Yt",Mon Jul 30 10:11:47 +0000 2018,0.226,0.175,0.134,0.691,14
"Nazi images, including a swastika, were discovered this weekend painted on a structure that is part of a Jewish syn‚Ä¶ https://t.co/umOxg9Ph22",Mon Jul 30 10:03:46 +0000 2018,0.0,0.0,0.0,1.0,15
She escaped domestic slavery in Kuwait. Now she helps other survivors https://t.co/kk0Bag97rP https://t.co/6Ah2xKTGz9,Mon Jul 30 09:57:40 +0000 2018,-0.494,0.141,0.261,0.598,16
"üö® RECALL ALERT: 
A Chinese company is recalling tainted heart medicine from stores worldwide after it was found to‚Ä¶ https://t.co/pBFJND51Vc",Mon Jul 30 09:47:37 +0000 2018,0.447,0.128,0.0,0.872,17
A recent report by Human Rights Watch showed a link between crackdowns on LGBT people and increased HIV rates in In‚Ä¶ https://t.co/EPv3NFhi26,Mon Jul 30 09:40:28 +0000 2018,0.273,0.1,0.0,0.9,18
The best travel photos of 2018 (so far) https://t.co/RVxn5e4KYB https://t.co/NZfTp0TUz1,Mon Jul 30 09:28:52 +0000 2018,0.637,0.318,0.0,0.682,19
"An English immigrant has vowed to fight an order to pay for the ""vandalism"" of his 123-year-old antique piano, whic‚Ä¶ https://t.co/kdBG57nW3n",Mon Jul 30 09:22:21 +0000 2018,-0.459,0.0,0.174,0.826,20
RT @cnni: Malaysia says it has failed to determine the cause of MH370's disappearance https://t.co/cgwn7PTwUr,Mon Jul 30 09:19:44 +0000 2018,-0.511,0.0,0.191,0.809,21
"Asking a woman about her work-life balance can be problematic, but she should use the opportunity to discuss the ne‚Ä¶ https://t.co/3JPpqayuRN",Mon Jul 30 09:12:07 +0000 2018,0.412,0.156,0.082,0.761,22
A German cruise line is facing outrage after one of its employees shot and killed a wild polar bear in Norway after‚Ä¶ https://t.co/m3Hl5VlISZ,Mon Jul 30 09:08:06 +0000 2018,-0.832,0.0,0.291,0.709,23
"Welcome to the CrossFit Games, where the world‚Äôs best CrossFit athletes compete for the title of ‚ÄúThe Fittest on Ea‚Ä¶ https://t.co/HgZyaRRMHR",Mon Jul 30 09:07:47 +0000 2018,0.802,0.275,0.0,0.725,24
Trump's tweets on Sunday represented his most specific attempt yet to discredit any findings of the Mueller investi‚Ä¶ https://t.co/JxumBltQk8,Mon Jul 30 09:03:03 +0000 2018,0.0,0.0,0.0,1.0,25
"Growing up in Minneapolis, Alisa Clare Cohen constantly wondered whether her birth parents in Chile really abandone‚Ä¶ https://t.co/xkfnRGPUXg",Mon Jul 30 08:53:01 +0000 2018,0.178,0.091,0.0,0.909,26
President Trump threatens to push the government into shutdown ahead of the coming appropriations deadline if Congr‚Ä¶ https://t.co/Wc83aw7Phy,Mon Jul 30 08:45:10 +0000 2018,-0.382,0.0,0.133,0.867,27
An unknown prankster put a Putin portrait in Colorado's state Capitol where Trump's would be https://t.co/aKgCf3mVpG https://t.co/v6RQThZxtV,Mon Jul 30 08:33:07 +0000 2018,0.0,0.0,0.0,1.0,28
Underwear is being transformed by technology -- with high-performance briefs claiming to do everything from emittin‚Ä¶ https://t.co/FKagLj9X6Y,Mon Jul 30 08:26:07 +0000 2018,0.0,0.0,0.0,1.0,29
Justice Ruth Bader Ginsburg says she hopes to stay on the Supreme Court at least five more years until the age of 9‚Ä¶ https://t.co/T7t0steuc6,Mon Jul 30 08:18:03 +0000 2018,0.869,0.318,0.0,0.682,30
Coke is raising soda prices because of aluminum tariffs https://t.co/4zzj9h9HOr https://t.co/vpNOvgrIy8,Mon Jul 30 08:13:07 +0000 2018,0.0,0.0,0.0,1.0,31
President Donald Trump's re-election campaign has denied it is using Chinese manufacturers to produce campaign flag‚Ä¶ https://t.co/TK23cm168g,Mon Jul 30 08:06:03 +0000 2018,-0.44,0.0,0.153,0.847,32
"Trump lawyer Rudy Giuliani once praised Michael Cohen as 'honest,' but now says Cohen has 'lied all his life'‚Ä¶ https://t.co/r83poSmgSZ",Mon Jul 30 07:56:05 +0000 2018,-0.318,0.089,0.145,0.766,33
"In a previously undisclosed TSA program, federal air marshals are tracking American citizens not suspected of a cri‚Ä¶ https://t.co/0EmWivGEeY",Mon Jul 30 07:48:03 +0000 2018,0.17,0.094,0.0,0.906,34
Don't pack your bags for Mars just yet https://t.co/Lfxf2GvGn8 https://t.co/UT10Dd19Nx,Mon Jul 30 07:44:05 +0000 2018,0.0,0.0,0.0,1.0,35
"2018 is on pace to be the fourth hottest year on record, according to data from the National Oceanic and Atmospheri‚Ä¶ https://t.co/PMN3QHFzBt",Mon Jul 30 07:38:43 +0000 2018,0.0,0.0,0.0,1.0,36
Police have responded to at least 125 calls in the past five years alleging sex offenses at shelters that house imm‚Ä¶ https://t.co/48RRCADl8O,Mon Jul 30 07:31:52 +0000 2018,-0.361,0.0,0.106,0.894,37
"At least seven people are still missing in Shasta County, California, as the monstrous Carr Fire engulfs almost 100‚Ä¶ https://t.co/wY2f0NdtMM",Mon Jul 30 07:20:11 +0000 2018,-0.557,0.0,0.204,0.796,38
A city once known as America's foreclosure capital will become the first in the US to participate in a test of Univ‚Ä¶ https://t.co/6eLwMLNk6G,Mon Jul 30 07:05:38 +0000 2018,-0.128,0.0,0.07,0.93,39
California's Supreme Court ruled that employers must pay workers for the time they spend completing off-the-clock t‚Ä¶ https://t.co/pOuctpRfxv,Mon Jul 30 05:58:02 +0000 2018,0.494,0.171,0.067,0.762,40
Trump's tweets on Sunday represented his most specific attempt yet to discredit any findings of the Mueller investi‚Ä¶ https://t.co/7Hi0tVjAwZ,Mon Jul 30 05:53:24 +0000 2018,0.0,0.0,0.0,1.0,41
An unknown prankster put a Putin portrait in Colorado's state Capitol where Trump's would be https://t.co/9Wg4J95xA9 https://t.co/YWr2z11SEq,Mon Jul 30 05:23:58 +0000 2018,0.0,0.0,0.0,1.0,42
President Donald Trump's re-election campaign has denied it is using Chinese manufacturers to produce campaign flag‚Ä¶ https://t.co/F8TO7KEZWX,Mon Jul 30 05:10:15 +0000 2018,-0.44,0.0,0.153,0.847,43
"Growing up in Minneapolis, Alisa Clare Cohen constantly wondered whether her birth parents in Chile really abandone‚Ä¶ https://t.co/oQK6Jh4UkK",Mon Jul 30 04:45:07 +0000 2018,0.178,0.091,0.0,0.909,44
"In a previously undisclosed TSA program, federal air marshals are tracking American citizens not suspected of a cri‚Ä¶ https://t.co/67tjcI8U7h",Mon Jul 30 04:34:56 +0000 2018,0.17,0.094,0.0,0.906,45
Underwear is being transformed by technology -- with high-performance briefs claiming to do everything from emittin‚Ä¶ https://t.co/hPqcEvQHG2,Mon Jul 30 03:50:55 +0000 2018,0.0,0.0,0.0,1.0,46
Police fire tear gas at protesters during state funeral for Ethiopia's Grand Dam engineer https://t.co/i4rdDMSENx https://t.co/CpPWCEnq6T,Mon Jul 30 03:48:07 +0000 2018,-0.422,0.138,0.312,0.55,47
"Asking a woman about her work-life balance can be problematic, but she should use the opportunity to discuss the ne‚Ä¶ https://t.co/VcC8QAtOGS",Mon Jul 30 03:43:06 +0000 2018,0.412,0.156,0.082,0.761,48
"Trump lawyer Rudy Giuliani once praised Michael Cohen as 'honest,' but now says Cohen has 'lied all his life'‚Ä¶ https://t.co/vb6KOviiw0",Mon Jul 30 03:42:05 +0000 2018,-0.318,0.089,0.145,0.766,49
The CBS board of directors will discuss allegations of sexual harassment against CEO Les Moonves at a meeting on Mo‚Ä¶ https://t.co/pRFA6rxuJK,Mon Jul 30 03:41:58 +0000 2018,-0.542,0.0,0.156,0.844,50
Trump's 2020 campaign denies reports that it is producing flags in China https://t.co/KhyQAykUbd https://t.co/7vVW9Foza1,Mon Jul 30 03:34:06 +0000 2018,-0.422,0.0,0.177,0.823,51
What you need to know about 'stand your ground' laws https://t.co/r2GaqhoOaV https://t.co/uoB69LnthQ,Mon Jul 30 03:33:05 +0000 2018,0.0,0.0,0.0,1.0,52
Recep Tayyip Erdogan denies that Turkey has agreed to free a detained American pastor as part of a possible deal wi‚Ä¶ https://t.co/HwQV1nfthi,Mon Jul 30 03:33:05 +0000 2018,-0.026,0.201,0.204,0.595,53
Palestinian teenage activist Ahed Tamimi has been freed from an Israeli prison after serving an eight-month prison‚Ä¶ https://t.co/dktybvi8Cs,Mon Jul 30 03:24:05 +0000 2018,-0.153,0.123,0.15,0.727,54
"Russia put on a show of its naval might on Sunday, sending 40 warships through waters near St. Petersburg‚Ä¶ https://t.co/gNyKxLL0dg",Mon Jul 30 03:23:53 +0000 2018,-0.128,0.0,0.077,0.923,55
Three new polls show bad news for Republicans ahead of the midterm elections https://t.co/SUJ6M7bR0s https://t.co/DspQVbY2cs,Mon Jul 30 03:16:03 +0000 2018,-0.542,0.0,0.2,0.8,56
"20 times that Trump and his allies denied he knew of the 2016 Trump Tower meeting 
https://t.co/e00pkKmpCW https://t.co/MgBftuGCNW",Mon Jul 30 03:06:03 +0000 2018,-0.44,0.0,0.146,0.854,57
A city once known as America's foreclosure capital will become the first in the US to participate in a test of Univ‚Ä¶ https://t.co/IGvIMKUmQa,Mon Jul 30 02:57:06 +0000 2018,-0.128,0.0,0.07,0.93,58
The Trump administration wants to roll back the Endangered Species Act. These 10 animals might not be here today wi‚Ä¶ https://t.co/RUe43h5Wif,Mon Jul 30 02:50:05 +0000 2018,0.0,0.0,0.0,1.0,59
"A police officer in Meridian, Mississippi, has been fired after using his stun gun against a handcuffed suspect dur‚Ä¶ https://t.co/RFfMAyxC5b",Mon Jul 30 02:44:04 +0000 2018,-0.802,0.0,0.353,0.647,60
A zoo is accused of painting a donkey and passing it off as a zebra https://t.co/DoETle11Qq https://t.co/UToHC1YvIw,Mon Jul 30 02:36:07 +0000 2018,-0.296,0.0,0.145,0.855,61
Here's how to help the victims of the Greece wildfires https://t.co/SukveA8dLc https://t.co/o31vUTikXl,Mon Jul 30 02:29:06 +0000 2018,0.103,0.18,0.153,0.667,62
Police have responded to at least 125 calls in the past five years alleging sex offenses at shelters that house imm‚Ä¶ https://t.co/7KKjpzKxO4,Mon Jul 30 02:22:07 +0000 2018,-0.361,0.0,0.106,0.894,63
"A teen broke into a home in California shortly after midnight and woke a sleeping couple to ask to use their Wi-Fi,‚Ä¶ https://t.co/w7K3FonBYI",Mon Jul 30 02:14:28 +0000 2018,-0.422,0.0,0.128,0.872,64
A German cruise line is facing outrage after one of its employees shot and killed a wild polar bear in Norway after‚Ä¶ https://t.co/SHM9Cu1UlL,Mon Jul 30 01:00:08 +0000 2018,-0.832,0.0,0.291,0.709,65
Don't pack your bags for Mars just yet https://t.co/aIRZA5OdUv https://t.co/9OnzFTzmg0,Mon Jul 30 00:45:10 +0000 2018,0.0,0.0,0.0,1.0,66
"20 times that Trump and his allies denied he knew of the 2016 Trump Tower meeting 
https://t.co/CxWp3Hw2TM https://t.co/dtQ8F8u52Y",Mon Jul 30 00:30:11 +0000 2018,-0.44,0.0,0.146,0.854,67
"Trump lawyer Rudy Giuliani once praised Michael Cohen as 'honest,' but now says Cohen has 'lied all his life'‚Ä¶ https://t.co/BRg8Pa0fAd",Mon Jul 30 00:15:06 +0000 2018,-0.318,0.089,0.145,0.766,68
"The United Nations has verified 7,000 cases of children either killed or maimed in Syria's seven-year war, but says‚Ä¶ https://t.co/idGE0niLzI",Mon Jul 30 00:00:07 +0000 2018,-0.511,0.079,0.216,0.705,69
Palestinian teen activist Ahed Tamimi has been released from an Israeli prison after serving an 8-month prison sent‚Ä¶ https://t.co/YK7TzV1dIW,Sun Jul 29 23:45:10 +0000 2018,-0.765,0.0,0.28,0.72,70
"Civil rights icon Rep. John Lewis released from hospital with a clean bill of health, his spokeswoman says‚Ä¶ https://t.co/OAv2I7tXpy",Sun Jul 29 23:44:36 +0000 2018,0.402,0.137,0.0,0.863,71
There are 100 days to the midterm election. Here's what to watch: https://t.co/zEcaQMqZen https://t.co/3zcbjwxVVL,Sun Jul 29 23:30:06 +0000 2018,0.0,0.0,0.0,1.0,72
"2018 is on pace to be the fourth hottest year on record, according to data from the National Oceanic and Atmospheri‚Ä¶ https://t.co/5O78he0ELj",Sun Jul 29 23:15:06 +0000 2018,0.0,0.0,0.0,1.0,73
Justice Ruth Bader Ginsburg says she hopes to stay on the Supreme Court at least five more years until the age of 9‚Ä¶ https://t.co/b7GWr3AJky,Sun Jul 29 23:04:37 +0000 2018,0.869,0.318,0.0,0.682,74
A 12-year-old boy who can't speak wrote a book with his eyes https://t.co/keZdphbHau https://t.co/NFx0OB1QHj,Sun Jul 29 23:00:05 +0000 2018,0.0,0.0,0.0,1.0,75
President Trump threatens to push the government into shutdown ahead of the coming appropriations deadline if Congr‚Ä¶ https://t.co/HkUFzmjXF8,Sun Jul 29 22:45:13 +0000 2018,-0.382,0.0,0.133,0.867,76
"North Korea may be taking some steps to keep its promises, but they will likely come at great cost to the United St‚Ä¶ https://t.co/NHhYo086W7",Sun Jul 29 22:30:03 +0000 2018,0.903,0.347,0.0,0.653,77
"A man arrested in connection to a bi-coastal crime spree that involved murder, rape and holding a woman captive use‚Ä¶ https://t.co/PNs68ZvV9F",Sun Jul 29 22:15:06 +0000 2018,-0.952,0.0,0.533,0.467,78
"On this day in 1958, President Dwight D. Eisenhower signed the National Aeronautics and Space Act, which establishe‚Ä¶ https://t.co/oKyQTnxcIt",Sun Jul 29 22:00:02 +0000 2018,0.0,0.0,0.0,1.0,79
"Nazi images, including a swastika, were discovered Saturday morning painted on a structure that is part of a Jewish‚Ä¶ https://t.co/qV57ew3Ac4",Sun Jul 29 21:50:04 +0000 2018,0.0,0.0,0.0,1.0,80
"Asking a woman about her work-life balance can be problematic, but she should use the opportunity to discuss the ne‚Ä¶ https://t.co/cC7IXZTQwb",Sun Jul 29 21:40:01 +0000 2018,0.412,0.156,0.082,0.761,81
This NASA animation shows the dramatic increase of near-Earth objects. See how many asteroids and comets have come‚Ä¶ https://t.co/F4wJSgwAi1,Sun Jul 29 21:30:00 +0000 2018,0.318,0.113,0.0,0.887,82
"Trump lawyer Rudy Giuliani once praised Michael Cohen as 'honest,' but now says Cohen has 'lied all his life'‚Ä¶ https://t.co/Bt349Fd9D8",Sun Jul 29 21:20:06 +0000 2018,-0.318,0.089,0.145,0.766,83
A German cruise line is facing outrage after one of its employees shot and killed a wild polar bear in Norway after‚Ä¶ https://t.co/kmYQZLtUNe,Sun Jul 29 21:05:59 +0000 2018,-0.832,0.0,0.291,0.709,84
President Trump's 2020 campaign denies reports that it is producing flags in China https://t.co/P5rFSU4LAq https://t.co/llzTLssJXI,Sun Jul 29 20:51:22 +0000 2018,-0.422,0.0,0.167,0.833,85
The monstrous Carr Fire in Northern California has doubled in size this weekend. Authorities say at least 12 people‚Ä¶ https://t.co/XSG8S7YyTF,Sun Jul 29 20:40:06 +0000 2018,-0.34,0.0,0.112,0.888,86
"""The Brady Bunch"" house, the classic split-level scene for nearly every episode of the hit TV show, is now on the m‚Ä¶ https://t.co/OZ0ZdLw13e",Sun Jul 29 20:40:00 +0000 2018,0.0,0.0,0.0,1.0,87
"Listen to the soothing sounds of the sun. Scientists mapped vibrations that form the ""low, pulsing hum of our star'‚Ä¶ https://t.co/lrrvtnZK0K",Sun Jul 29 20:30:00 +0000 2018,0.318,0.103,0.0,0.897,88
Former President Barack Obama and first lady Michelle Obama were spotted dancing at a Beyonc√© and Jay-Z concert nea‚Ä¶ https://t.co/VtJU8vkRfm,Sun Jul 29 20:20:05 +0000 2018,0.0,0.0,0.0,1.0,89
Palestinian teen activist Ahed Tamimi has been released from an Israeli prison after serving an 8-month prison sent‚Ä¶ https://t.co/c2XsaRZGQ0,Sun Jul 29 20:10:09 +0000 2018,-0.765,0.0,0.28,0.72,90
There are 100 days to the midterm election. Here's what to watch: https://t.co/64dpmcDvQ7 https://t.co/loNDIF3yfI,Sun Jul 29 20:00:17 +0000 2018,0.0,0.0,0.0,1.0,91
"2018 is on pace to be the fourth hottest year on record, according to data from the National Oceanic and Atmospheri‚Ä¶ https://t.co/DGbncI4Pk9",Sun Jul 29 19:55:04 +0000 2018,0.0,0.0,0.0,1.0,92
President Trump threatens to push the government into shutdown ahead of the coming appropriations deadline if Congr‚Ä¶ https://t.co/i63KxWcUMA,Sun Jul 29 19:48:30 +0000 2018,-0.382,0.0,0.133,0.867,93
"Who is Andrew Brunson, the detained American pastor central to the US-Turkey dispute https://t.co/jtUi6jrUfT https://t.co/RJ2Vfwy0Lf",Sun Jul 29 19:30:59 +0000 2018,-0.66,0.0,0.293,0.707,94
"Nikolai Volkoff, the wrestler whose brash Soviet persona made him one of the most hated figures in professional wre‚Ä¶ https://t.co/REWVlWdQwe",Sun Jul 29 19:18:50 +0000 2018,-0.67,0.0,0.191,0.809,95
"A prominent neurologist collapses, sending her friends and colleagues on a frantic fight to save her life. A new ep‚Ä¶ https://t.co/MziHWkB6mg",Sun Jul 29 19:02:15 +0000 2018,0.226,0.304,0.272,0.424,96
"The fast-moving Carr Fire in Northern California has claimed the lives of a great-grandmother, two young children a‚Ä¶ https://t.co/oHwvlBZZ0u",Sun Jul 29 18:54:11 +0000 2018,-0.34,0.0,0.124,0.876,97
Don't pack your bags for Mars just yet https://t.co/T2vDZkv45G https://t.co/ph2CB7Kz1O,Sun Jul 29 18:39:52 +0000 2018,0.0,0.0,0.0,1.0,98
President Trump's attorney Rudy Giuliani says he wants the public to hear more of Michael Cohen's recordings as he‚Ä¶ https://t.co/0u5WLD0fJH,Sun Jul 29 18:25:52 +0000 2018,0.0,0.0,0.0,1.0,99
Former White House communications director Anthony Scaramucci says he disagrees with the way the White House reprim‚Ä¶ https://t.co/TFFM7qMlur,Sun Jul 29 18:10:00 +0000 2018,-0.318,0.0,0.119,0.881,100
Rudy Giuliani: ‚ÄúYou could investigate an innocent man forever.‚Äù https://t.co/JDpn7NPBo7,Mon Jul 30 12:04:00 +0000 2018,0.34,0.211,0.0,0.789,1
Rudy Giuliani: ‚ÄúEverything that‚Äôs been released so far shows the president to be absolutely innocent. He didn‚Äôt do‚Ä¶ https://t.co/biWQ4yvZ6e,Mon Jul 30 12:01:00 +0000 2018,0.4,0.13,0.0,0.87,2
Confederate monuments report raises idea of changing Texas capital's name https://t.co/JWB5nbdIIM,Mon Jul 30 11:54:19 +0000 2018,0.0,0.0,0.0,1.0,3
Chick-fil-A's Canadian expansion sparks pro-LGBTQ protests https://t.co/gSfVnX1coy,Mon Jul 30 11:51:13 +0000 2018,-0.226,0.0,0.241,0.759,4
OPINION: @GiannoCaldwell: Chicago's gun violence is intolerable -- Trump should provide help https://t.co/iAg2BLc8Ab,Mon Jul 30 11:29:10 +0000 2018,-0.586,0.141,0.339,0.521,5
.@newtgingrich: ‚ÄúHis policies are working.‚Äù https://t.co/loe3wmqtD8,Mon Jul 30 11:19:42 +0000 2018,0.0,0.0,0.0,1.0,6
".@newtgingrich: ‚ÄúIs it more radical to want to have a wall, or is it more radical to want to have open borders?‚Äù https://t.co/O2uy6FTNDs",Mon Jul 30 11:16:21 +0000 2018,0.28,0.135,0.0,0.865,7
Ginsburg hopes to serve 'at least' five more years on Supreme Court https://t.co/aN2NvxMvbY,Mon Jul 30 10:44:29 +0000 2018,0.769,0.377,0.0,0.623,8
".@dbongino: ‚ÄúTax reform was just monumental, we see now the effects on the economy, 4.1% growth.‚Äù https://t.co/zrtKXCvJPQ",Mon Jul 30 10:39:15 +0000 2018,0.0,0.0,0.0,1.0,9
.@kayleighmcenany: ‚ÄúThere‚Äôs this very disturbing trend within the Democratic Party towards socialism.‚Äù https://t.co/QQ6lZe3N7Z,Mon Jul 30 10:28:41 +0000 2018,-0.225,0.156,0.208,0.636,10
Martina White: ‚ÄúIt‚Äôs truly shocking that the mayor was willing to end a contract that was actually helping to keep‚Ä¶ https://t.co/rMtkvpJcCd,Mon Jul 30 10:21:47 +0000 2018,0.34,0.206,0.109,0.685,11
Prankster puts Putin's portrait in Trump's place at Colorado Capitol https://t.co/FbHNPskAOn,Mon Jul 30 10:14:41 +0000 2018,0.0,0.0,0.0,1.0,12
.@CarleyShimkus is live with the 'Fox News Update' on Facebook Watch: https://t.co/yq4SFGVnY5 https://t.co/D4YmT4zD2F,Mon Jul 30 10:10:32 +0000 2018,0.0,0.0,0.0,1.0,13
"OPINION: Trump should tone down his Twitter threats, or America could face trouble around the world https://t.co/97nV69vFjv",Mon Jul 30 09:55:07 +0000 2018,-0.67,0.0,0.268,0.732,14
"Jason Nichols: ‚ÄúDemocratic Socialism is one wing of the party, we have a wide tent for the Democratic Party.‚Äù https://t.co/HNc4AKGuMy",Mon Jul 30 09:40:26 +0000 2018,0.402,0.13,0.0,0.87,15
Missing University of Iowa student may have returned to home after jog: report https://t.co/lT5CKEMIEw,Mon Jul 30 09:30:03 +0000 2018,-0.296,0.0,0.145,0.855,16
Robert Wilkie to Be Sworn in as Secretary of VA Today https://t.co/duz9zdo8zA,Mon Jul 30 09:21:36 +0000 2018,0.0,0.0,0.0,1.0,17
Computer Glitch at @AmericanAir Causes Delays Nationwide https://t.co/j1MIlWtMKu,Mon Jul 30 09:21:02 +0000 2018,0.0,0.0,0.0,1.0,18
OPINION: I'm an educator. This is why I want Judge Kavanaugh on the Supreme Court https://t.co/EYuP9WrTMT,Mon Jul 30 09:14:43 +0000 2018,0.599,0.274,0.0,0.726,19
Eight-year-old boy starts lemonade stand to help local police department https://t.co/MRW19niFVL,Mon Jul 30 08:56:25 +0000 2018,0.402,0.213,0.0,0.787,20
".@JoeBorelliNYC: ""Nobody wants a government shutdown...but when you elect a Republican Congress to the House, you e‚Ä¶ https://t.co/bnKftjMbfw",Mon Jul 30 08:51:12 +0000 2018,0.0,0.0,0.0,1.0,21
".@RochelleRitchie: ""What kind of president tweets that he would love to see the government shut down? Why would Pre‚Ä¶ https://t.co/OEPEYQlDkb",Mon Jul 30 08:46:14 +0000 2018,0.637,0.181,0.0,0.819,22
"On #SundayFutures, Rep. @DevinNunes pushed to declassify more of the FISA warrant documents. https://t.co/3kCJW8hDfy",Mon Jul 30 08:45:00 +0000 2018,0.0,0.0,0.0,1.0,23
Republicans call for Trump to declassify FISA documents https://t.co/7gMMJwOus2,Mon Jul 30 08:40:47 +0000 2018,0.0,0.0,0.0,1.0,24
"Peter Morici: ""What the left is denying is that over the entire Trump presidency, growth has averaged about 40 to 4‚Ä¶ https://t.co/1DwBrME3qy",Mon Jul 30 08:24:20 +0000 2018,0.052,0.104,0.096,0.8,25
Northern California fire leaves 6 dead as officials worry high winds could flame blaze https://t.co/zzBsRt9wg0 https://t.co/MRRWkIxVFl,Mon Jul 30 08:15:57 +0000 2018,-0.862,0.0,0.444,0.556,26
Washington Nationals shortstop Trea Turner apologizes for racist and homophobic tweets https://t.co/L6lcUcoLj6,Mon Jul 30 08:13:47 +0000 2018,-0.361,0.152,0.242,0.606,27
Trump tweets he'd 'shut down' government if Democrats don't fund US-Mexico wall https://t.co/BZWBmREqAY https://t.co/1DCEGRJon8,Mon Jul 30 08:11:06 +0000 2018,0.0,0.0,0.0,1.0,28
SHOW OFF: Ritchie the ring-tailed lemur confidently flexed his muscles on Monday at the Melbourne Zoo. https://t.co/EdOTdbwKXn,Mon Jul 30 08:04:22 +0000 2018,0.477,0.162,0.0,0.838,29
".@AllenWest: ""We have substance right now, and you have a president that [is] really putting people on notice."" https://t.co/9I2bnb3GJR",Mon Jul 30 08:00:00 +0000 2018,0.0,0.0,0.0,1.0,30
2 arrested for alleged looting during California wildfires https://t.co/myHhyxOiYQ,Mon Jul 30 07:53:00 +0000 2018,-0.477,0.0,0.307,0.693,31
".@VP: ""My dad was in the @USArmy... [He] raised us to understand that he always thought the heroes of the Korean Wa‚Ä¶ https://t.co/IsHkH9Fyrs",Mon Jul 30 07:45:00 +0000 2018,0.511,0.13,0.0,0.87,32
"Netflix focused on building faith and family-based shows, exec says https://t.co/TQGV3FMBzl",Mon Jul 30 07:38:00 +0000 2018,0.66,0.375,0.0,0.625,33
".@AllenWest: ""When you look at what has happened with our foreign policy, I mean, we are now regarded, we are now r‚Ä¶ https://t.co/ATejYrOgyy",Mon Jul 30 07:30:00 +0000 2018,0.0,0.0,0.0,1.0,34
Retired lieutenant colonel and former U.S. Representative @AllenWest discussed growing up in a military family as w‚Ä¶ https://t.co/6YxPhb2WYW,Mon Jul 30 07:23:00 +0000 2018,0.178,0.096,0.0,0.904,35
".@LindseyGrahamSC: ""I've never been more pleased with @POTUS than I am right now regarding Iran."" #SundayFutures‚Ä¶ https://t.co/ucfI0JLZGj",Mon Jul 30 07:15:00 +0000 2018,-0.386,0.0,0.149,0.851,36
Vegan activists protest North Carolina fishing tournament https://t.co/tJnEoyDwzV,Mon Jul 30 07:07:00 +0000 2018,-0.25,0.0,0.222,0.778,37
".@MichelleMalkin: ""The biggest enemies here are not necessarily the open-borders Dems. They're doing what they alwa‚Ä¶ https://t.co/P8zpcTMui5",Mon Jul 30 07:00:00 +0000 2018,-0.494,0.0,0.167,0.833,38
".@AllenWest: ""My parents raised me with conservative principles and values. They believed in faith, they believed i‚Ä¶ https://t.co/rwLePnW8oV",Mon Jul 30 06:45:00 +0000 2018,0.67,0.256,0.0,0.744,39
"Bridesmaid begs JetBlue for refund after bride asks her 'to relinquish' title, 'duties' https://t.co/Cx4MlkS9bN",Mon Jul 30 06:38:00 +0000 2018,0.0,0.0,0.0,1.0,40
Carol Swain: ‚ÄúI believe that the university is supposed to be a marketplace for ideas and that students cannot be e‚Ä¶ https://t.co/S4ZKZ4RQZG,Mon Jul 30 06:30:00 +0000 2018,0.0,0.0,0.0,1.0,41
"Drug dog Sombra has already sniffed her way to high-profile drug busts, finding stashes hidden in suitcases, boats‚Ä¶ https://t.co/5uRp5hy1rq",Mon Jul 30 06:23:00 +0000 2018,0.0,0.0,0.0,1.0,42
".@AllenWest: ""I'll never forget when my dad said that there is no greater honor than to wear the uniform of the Uni‚Ä¶ https://t.co/gXfIIBMKaD",Mon Jul 30 06:15:00 +0000 2018,0.633,0.258,0.077,0.665,43
Missing University of Iowa student may have returned to home after jog: report https://t.co/lT5CKEMIEw,Mon Jul 30 06:08:00 +0000 2018,-0.296,0.0,0.145,0.855,44
".@VP: ""President Trump has asked me to do many things on his behalf as vice president, but frankly I've never been‚Ä¶ https://t.co/0ldLnpar4F",Mon Jul 30 06:00:00 +0000 2018,0.0,0.0,0.0,1.0,45
"On Friday, United Nations Command Chaplain U. S. Army Col. Sam Lee performed a blessing of sacrifice and remembranc‚Ä¶ https://t.co/pG2rJiBraB",Mon Jul 30 05:53:00 +0000 2018,0.718,0.261,0.0,0.739,46
A Florida police officer who died a week after he was shot while on the job was remembered Saturday night by member‚Ä¶ https://t.co/KDRLzzgwxm,Mon Jul 30 05:45:00 +0000 2018,-0.557,0.0,0.153,0.847,47
Ginsburg to hopes to serve 'at least' five more years on Supreme Court https://t.co/aN2NvxMvbY https://t.co/TQAW1yThJT,Mon Jul 30 05:38:00 +0000 2018,0.769,0.339,0.0,0.661,48
".@DevinNunes: ""There's a stall game going on at DOJ and FBI - they're trying to stall as much they can hoping and b‚Ä¶ https://t.co/FoUhb2HRT0",Mon Jul 30 05:30:00 +0000 2018,0.052,0.11,0.142,0.748,49
"After one woman‚Äôs tweet featuring a homeless web designer‚Äôs unconventional job hunting tactic went viral, David Cas‚Ä¶ https://t.co/f16lfCJ26L",Mon Jul 30 05:23:00 +0000 2018,0.0,0.0,0.0,1.0,50
"John Zimmerlee: ‚ÄúPresident Trump, we can‚Äôt thank you enough for bringing attention to the Korean War.‚Äù https://t.co/3DcctV4rwI",Mon Jul 30 05:15:00 +0000 2018,0.361,0.135,0.0,0.865,51
.@taylorswift13 donates concert tickets to mourning Massachusetts police department https://t.co/Vf5WXTY2G5,Mon Jul 30 05:07:00 +0000 2018,-0.44,0.0,0.244,0.756,52
".@charliekirk11: ""If socialist professors really believe the nonsense that they, you know, profess, why don't they‚Ä¶ https://t.co/RIddaM4p5o",Mon Jul 30 05:00:00 +0000 2018,-0.452,0.0,0.156,0.844,53
"On ""Justice,"" @JudgeJeanine commented on President @realDonaldTrump's impact on the economy. https://t.co/eo5SKwdg2l",Mon Jul 30 04:53:00 +0000 2018,0.0,0.0,0.0,1.0,54
Report: US Therapists See Increase in Patients With 'Trump Anxiety Disorder' https://t.co/juMOo5HdVE https://t.co/IXQ6NbmrAH,Mon Jul 30 04:45:01 +0000 2018,-0.273,0.138,0.263,0.599,55
Ebola scare at Denver hospital after man just back from Congo exhibited symptoms https://t.co/cg84kJbXNz,Mon Jul 30 04:38:00 +0000 2018,-0.494,0.0,0.198,0.802,56
"SWEET: On Saturday, eight-year-old Brecken Simmons set up a lemonade stand in his neighborhood in order to raise mo‚Ä¶ https://t.co/TMFGxRA6Yi",Mon Jul 30 04:30:00 +0000 2018,0.577,0.172,0.0,0.828,57
"ADORABLE: One man snapped this sweet shot of two lovebirds riding the New York subway, tweeting ‚ÄúIf anyone recogniz‚Ä¶ https://t.co/SuZ2tkvWOb",Mon Jul 30 04:23:00 +0000 2018,0.814,0.292,0.0,0.708,58
".@dbongino: ""[@BarackObama is] one of the top five worst economic presidents  in American history."" @JudgeJeanine https://t.co/YWITDHcRfC",Mon Jul 30 04:15:00 +0000 2018,-0.511,0.09,0.206,0.704,59
President @realDonaldTrump holds his granddaughter Arabella‚Äôs hand as they walk across the South Lawn of the‚Ä¶ https://t.co/FuyguRrFFO,Mon Jul 30 04:08:00 +0000 2018,0.494,0.167,0.0,0.833,60
".@DevinNunes: ""Clinton-paid-for dirt was used to get a warrant to spy on an American citizen using our secret count‚Ä¶ https://t.co/UnTc732eP9",Mon Jul 30 04:01:00 +0000 2018,-0.34,0.0,0.118,0.882,61
Boy battling cancer granted wish to be firefighter for a day https://t.co/7WQRL5YcBR,Mon Jul 30 03:53:00 +0000 2018,-0.422,0.258,0.357,0.385,62
Colorado kids caught on camera returning wallet with $700 cash inside: 'Gives you faith in humanity' https://t.co/xMWPBLRqmB,Mon Jul 30 03:45:00 +0000 2018,0.422,0.149,0.0,0.851,63
.@dallascowboys quarterback @dak Prescott weighed in on the national anthem controversy surrounding the @NFL.‚Ä¶ https://t.co/HKcIDVJoIX,Mon Jul 30 03:37:00 +0000 2018,0.0,0.0,0.0,1.0,64
Mama duck with 76 ducklings on Minnesota lake captured in stunning photos https://t.co/b89OE9G7eO,Mon Jul 30 03:30:49 +0000 2018,0.382,0.178,0.0,0.822,65
".@AllenWest: ""That is the number one thing that is happening in our government, that too many believe that they hav‚Ä¶ https://t.co/hD5xZrqBTl",Mon Jul 30 03:17:59 +0000 2018,0.077,0.061,0.0,0.939,66
".@AllenWest: ""A clearance for the United States of America is a privilege‚Äî it's not a right."" https://t.co/KAjOgjw6F0",Mon Jul 30 03:15:09 +0000 2018,0.422,0.167,0.0,0.833,67
".@AllenWest: ""We have substance right now, and you have a president that [is] really putting people on notice."" https://t.co/MmbBZq68QH",Mon Jul 30 03:06:17 +0000 2018,0.0,0.0,0.0,1.0,68
".@AllenWest: ""When you look at what has happened with our foreign policy, I mean, we are now regarded, we are now r‚Ä¶ https://t.co/lj1655jnYU",Mon Jul 30 02:59:44 +0000 2018,0.0,0.0,0.0,1.0,69
Great white shark caught in Rhode Island waters https://t.co/j7QG32Mhqt,Mon Jul 30 02:51:47 +0000 2018,0.625,0.339,0.0,0.661,70
".@AllenWest: ""The Republican Party should be standing up for individual economic empowerment."" https://t.co/FWR6WXjxbY",Mon Jul 30 02:41:11 +0000 2018,0.402,0.184,0.0,0.816,71
A Florida police officer who died a week after he was shot while on the job was remembered Saturday night by member‚Ä¶ https://t.co/6cK3fYgCgv,Mon Jul 30 02:32:21 +0000 2018,-0.557,0.0,0.153,0.847,72
".@AllenWest: ""That's what makes us conservatives‚Äî we believe that this is a great land of opportunity."" https://t.co/HksGkrVjhP",Mon Jul 30 02:30:54 +0000 2018,0.625,0.215,0.0,0.785,73
".@AllenWest: ""My parents raised me with conservative principles and values. They believed in faith, they believed i‚Ä¶ https://t.co/b1VzhZZZYf",Mon Jul 30 02:27:44 +0000 2018,0.67,0.256,0.0,0.744,74
".@AllenWest: ""I embarked on this thing called being a United States congressman, not wanting to seek fame or fortun‚Ä¶ https://t.co/rve96uS9HZ",Mon Jul 30 02:22:10 +0000 2018,0.691,0.251,0.0,0.749,75
".@AllenWest: ""I'll never forget when my dad said that there is no greater honor than to wear the uniform of the Uni‚Ä¶ https://t.co/1fDtpwDGvC",Mon Jul 30 02:12:33 +0000 2018,0.633,0.258,0.077,0.665,76
"On #SundayFutures, Rep. @DevinNunes called for Americans to see more of the redacted information in the FISA warran‚Ä¶ https://t.co/iCzGmSZwwm",Mon Jul 30 02:05:01 +0000 2018,0.0,0.0,0.0,1.0,77
"RT @FoxNewsResearch: ùüèùüéùüé ùêÉùêöùê≤ùê¨
- to the 2018 Midterms
‚Ä¢Democrats:
‚ÜíNeed net gain of 2 seats to gain control of Senate
‚ÜíNeed net gain of 23 s‚Ä¶",Mon Jul 30 01:51:29 +0000 2018,0.881,0.317,0.0,0.683,78
".@LindseyGrahamSC: ""I've never been more pleased with @POTUS than I am right now regarding Iran."" #SundayFutures‚Ä¶ https://t.co/hB92uthH63",Mon Jul 30 01:44:57 +0000 2018,-0.386,0.0,0.149,0.851,79
.@dbongino to Dem Radio Host: 'Spare Us the Nonsense' About Obama's Economy https://t.co/kXekc8d4fU,Mon Jul 30 01:37:08 +0000 2018,-0.402,0.0,0.184,0.816,80
RT @FoxBusiness: Trump eyes Mexico for speedy NAFTA deal  https://t.co/UglfUOaOZS,Mon Jul 30 01:27:26 +0000 2018,0.0,0.0,0.0,1.0,81
".@jasoninthehouse on economic growth: ""The one thing that they have to do in Congress, they have to curb spending.‚Ä¶ https://t.co/q50nXYDVjN",Mon Jul 30 01:26:00 +0000 2018,0.382,0.12,0.0,0.88,82
".@jasoninthehouse on economic growth: ""Not enough credit or discussion is given to the relaxation of the regulation‚Ä¶ https://t.co/1SDRYSRLos",Mon Jul 30 01:21:27 +0000 2018,0.588,0.259,0.094,0.647,83
".@SteveHiltonx on economic growth: ""We need to be clear about why this turnaround is happening; because we have an‚Ä¶ https://t.co/7BXbnRxylB",Mon Jul 30 01:14:59 +0000 2018,0.637,0.224,0.0,0.776,84
Atlanta Braves pitcher Sean Newcomb apologizes for offensive tweets after near no-hitter https://t.co/f38HoBZYZU,Mon Jul 30 01:10:14 +0000 2018,0.34,0.293,0.163,0.543,85
"Brian Christopher, son of WWE legend Jerry Lawler, dead at age 46 https://t.co/k0UKesRlzz",Mon Jul 30 00:59:06 +0000 2018,-0.649,0.0,0.264,0.736,86
"Alex Trebek on how he said 'I do': ""The answer is‚Äî I do."" #OBJECTified https://t.co/WeXSxSrnYo",Mon Jul 30 00:48:15 +0000 2018,0.0,0.0,0.0,1.0,87
Atlanta Braves pitcher Sean Newcomb apologizes for offensive tweets after near no-hitter https://t.co/hUOO6ew2mS,Mon Jul 30 00:43:52 +0000 2018,0.34,0.293,0.163,0.543,88
"Alex Trebek: ""I'm not into exotic cars or boats or planes. It doesn't excite me."" #OBJECTified https://t.co/INM039ghA5",Mon Jul 30 00:42:13 +0000 2018,-0.372,0.0,0.138,0.862,89
"Alex Trebek on his role on @Jeopardy: ""I want to make you look good. I want you to be the very best you can be, bec‚Ä¶ https://t.co/aOEFr09REm",Mon Jul 30 00:34:35 +0000 2018,0.84,0.312,0.0,0.688,90
JUST IN: Second firefighter killed battling blaze near Yosemite https://t.co/6dVxh13SFG,Mon Jul 30 00:28:00 +0000 2018,-0.765,0.0,0.452,0.548,91
Red-tailed hawk struck by vehicle rescued in upstate New York https://t.co/mMT56JEkrh,Mon Jul 30 00:19:58 +0000 2018,0.202,0.203,0.145,0.652,92
"New York man arrested for hitting his girlfriend with Bible, police say https://t.co/ql9INVJUvu",Mon Jul 30 00:12:41 +0000 2018,-0.477,0.0,0.205,0.795,93
"TONIGHT: Don't miss ""Life, Liberty, &amp; Levin"" with @marklevinshow with special guest @AllenWest - Tune in at 10p ET‚Ä¶ https://t.co/mmVvlhYS5F",Mon Jul 30 00:00:00 +0000 2018,0.095,0.181,0.121,0.698,94
".@MoElleithee on U.S.-Russia relations: ""Putin is getting everything he wants out of this relationship and that is‚Ä¶ https://t.co/GkxaaYL26b",Sun Jul 29 23:55:00 +0000 2018,0.0,0.0,0.0,1.0,95
".@GillianHTurner on tariffs: ""Sometimes conflict resolution 101 tells you that when you have these really contentio‚Ä¶ https://t.co/mgE1qf2vFC",Sun Jul 29 23:50:00 +0000 2018,-0.318,0.0,0.126,0.874,96
OPINION: How 3 words can stop what's stealing your joy: Instead of staying stuck in comparing and competing https://t.co/GQS4GEOhJ8,Sun Jul 29 23:49:00 +0000 2018,-0.477,0.148,0.307,0.545,97
Rep. John Lewis released from hospital with 'clean bill of health' https://t.co/M2KVsRlzcp,Sun Jul 29 23:40:59 +0000 2018,0.402,0.197,0.0,0.803,98
Palestinian teen jailed for hitting Israeli soldier gets hero's welcome https://t.co/jmtZrt252P,Sun Jul 29 23:36:23 +0000 2018,-0.052,0.197,0.211,0.592,99
WATCH: Chris Wallace's full interview with Treasury Secretary @stevenmnuchin1 - Part 2. @FoxNewsSunday‚Ä¶ https://t.co/sunAxJ1LDn,Sun Jul 29 23:36:00 +0000 2018,0.202,0.13,0.0,0.87,100
"Documents filed by Robert Mueller last month showed that Alan Friedman, an Italian media celebrity, worked closely‚Ä¶ https://t.co/o3Hrjbf3vq",Mon Jul 30 12:15:08 +0000 2018,0.0,0.0,0.0,1.0,1
"Your daily @DealBook Briefing:

‚Ä¢ Accusations against CBS‚Äôs CEO could spur a Viacom deal.¬†

‚Ä¢ The Bank of England g‚Ä¶ https://t.co/GUifxCvATd",Mon Jul 30 12:03:04 +0000 2018,-0.318,0.0,0.119,0.881,2
"Review: Santigold's latest album tackles themes like autonomy, eccentricity and societal critique and wraps them in‚Ä¶ https://t.co/TSKNhGIJpw",Mon Jul 30 11:46:32 +0000 2018,0.361,0.135,0.0,0.865,3
"RT @mattfleg: ""So many people think they know me,"" Cynthia Nixon says. She thinks otherwise. Our deep look at her long-shot challenge to An‚Ä¶",Mon Jul 30 11:36:56 +0000 2018,0.077,0.053,0.0,0.947,4
An environmental activist received an urgent government warning on Saturday to evacuate his home immediately. But i‚Ä¶ https://t.co/Nn4zjLnzLM,Mon Jul 30 11:30:09 +0000 2018,-0.077,0.073,0.089,0.838,5
"The ACLU has been changing tactics, and one of its models for the future is the NRA https://t.co/ckH3xKChh8",Mon Jul 30 11:15:03 +0000 2018,0.0,0.0,0.0,1.0,6
"""We're going to have a challenging midterm anyway, and I don't see how putting the attention on shutting down the g‚Ä¶ https://t.co/Jg3IgJOMzn",Mon Jul 30 11:00:11 +0000 2018,0.153,0.078,0.0,0.922,7
"""We don't need floods or anything. We just need some average rain."" Farmers in an area of southeastern Australia ha‚Ä¶ https://t.co/FIA4WF5eFr",Mon Jul 30 10:44:04 +0000 2018,0.0,0.0,0.0,1.0,8
A polar bear was shot and killed after it attacked and injured a guard from a cruise ship that had stopped at an Ar‚Ä¶ https://t.co/hk0mjpVstt,Mon Jul 30 10:30:06 +0000 2018,-0.902,0.0,0.402,0.598,9
What does it actually mean for a crop to be genetically modified? https://t.co/LDZDyVp3Ft,Mon Jul 30 10:16:06 +0000 2018,0.0,0.0,0.0,1.0,10
Morning¬†Briefing: Here's what you need to know to start your day https://t.co/de1e5ZGsx9 https://t.co/CnwyDnTQLK,Mon Jul 30 10:00:06 +0000 2018,0.0,0.0,0.0,1.0,11
"The question was not who would win. Instead, the real mystery was whether Cambodians were so deeply disenchanted wi‚Ä¶ https://t.co/D0xP3vFjGb",Mon Jul 30 09:45:03 +0000 2018,-0.472,0.0,0.139,0.861,12
"Laos's approach to development has paid off handsomely for domestic elites, while often leaving the rural poor at t‚Ä¶ https://t.co/cpcrcapKt4",Mon Jul 30 09:31:02 +0000 2018,-0.052,0.121,0.129,0.75,13
"At a last-minute news conference on Sunday, Robert Mugabe said he ""can't vote for those who have tormented me."" https://t.co/KgSwNOq8yr",Mon Jul 30 09:15:02 +0000 2018,0.0,0.0,0.0,1.0,14
"A sixth person has died in the Carr Fire in Northern California, the authorities said https://t.co/tyHE1VCKRI",Mon Jul 30 09:00:12 +0000 2018,-0.718,0.0,0.316,0.684,15
"""As a Muslim, I am offended by the idea that we should not protect a child because of an assumption that this has s‚Ä¶ https://t.co/HmABgBOf6s",Mon Jul 30 08:45:05 +0000 2018,-0.491,0.0,0.173,0.827,16
Imran Khan brings more star power and mystique than any recent Pakistani leader and perhaps a better chance to chan‚Ä¶ https://t.co/eVLlwcQK38,Mon Jul 30 08:31:04 +0000 2018,0.599,0.214,0.0,0.786,17
"Pope Francis accepted the resignation of Cardinal Theodore McCarrick, a former U.S. archbishop who is at the center‚Ä¶ https://t.co/qSaCgrixO7",Mon Jul 30 08:16:02 +0000 2018,-0.026,0.103,0.108,0.788,18
"RT @nytimesworld: ‚ÄúIf we shy away from conversations about sexual assault, the only thing we are conveying to young boys and girls is that‚Ä¶",Mon Jul 30 08:00:13 +0000 2018,-0.7,0.0,0.209,0.791,19
The publisher of The Times recalled telling Trump that newspapers had begun posting armed guards outside their offi‚Ä¶ https://t.co/FeO1ZCoPUz,Mon Jul 30 07:46:02 +0000 2018,0.0,0.0,0.0,1.0,20
"RT @nytimesworld: Allegations against the director Luc Besson have not set off a chain reaction in the French film industry, showing how #M‚Ä¶",Mon Jul 30 07:30:07 +0000 2018,0.0,0.0,0.0,1.0,21
Overwhelmed by the sheer volume of comedy specials coming to Netflix? Here's what to watch (and in what order). https://t.co/FBRzJqakIj,Mon Jul 30 07:20:06 +0000 2018,0.402,0.171,0.0,0.829,22
"How to Beat F.O.B.O., From the Expert Who Coined It https://t.co/K82xRbzaml",Mon Jul 30 07:03:12 +0000 2018,0.0,0.0,0.0,1.0,23
10 new books recommended by critics and editors at The New York Times https://t.co/8L7S7TIyqZ,Mon Jul 30 07:02:25 +0000 2018,-0.103,0.113,0.138,0.75,24
A New Batsman for Pakistan https://t.co/44rEmdf0iF,Mon Jul 30 06:45:04 +0000 2018,0.0,0.0,0.0,1.0,25
Dozens of Australian-style cafes have popped up in New York City in the last decade. That's not a coincidence. https://t.co/vfq44n3CRf,Mon Jul 30 06:36:55 +0000 2018,0.0,0.0,0.0,1.0,26
"Insulin may determine which ants become workers and which become queens, according to a new study https://t.co/7YF2PTrTF5",Mon Jul 30 06:19:09 +0000 2018,0.0,0.0,0.0,1.0,27
Cardinal McCarrick‚Äôs resignation comes as Pope Francis faces increased pressure to show he is serious about crackin‚Ä¶ https://t.co/WUwyssnnts,Mon Jul 30 06:02:04 +0000 2018,-0.382,0.096,0.261,0.642,28
"RT @nytimesarts: Billy Joel doesn't think ""Piano Man"" is all that great: ""There‚Äôs a lot of my songs I could never hear again and live quite‚Ä¶",Mon Jul 30 05:46:58 +0000 2018,0.625,0.151,0.0,0.849,29
Hoover Dam was a public works project likened to the pyramids. Now it is the focus of a new challenge: turning the‚Ä¶ https://t.co/6z9nKaPsxF,Mon Jul 30 05:30:04 +0000 2018,0.077,0.061,0.0,0.939,30
RT @NYTmag: Where does a kebab end and a burger ‚Äî that most American of foods ‚Äî begin? https://t.co/sC2vr4A0kY https://t.co/EN5yroqIKz,Mon Jul 30 05:15:34 +0000 2018,0.0,0.0,0.0,1.0,31
Would you pay $1 billion for this view? And the 157 acres of land that come with it? https://t.co/MZg753xSVQ https://t.co/DR9IEeFNRZ,Mon Jul 30 04:59:23 +0000 2018,-0.193,0.0,0.085,0.915,32
One reason that Civil War re-enactment may be in decline:  The social and political realities can't be ignored anym‚Ä¶ https://t.co/siHdS2xiPl,Mon Jul 30 04:44:46 +0000 2018,-0.448,0.082,0.163,0.754,33
"In Opinion,

Historian Kenneth Weisbrode and poet Heather H. Yeung write ‚ÄúBy populating, polluting and¬†managing it¬†‚Ä¶ https://t.co/VjijAnAOdB",Mon Jul 30 04:28:19 +0000 2018,0.0,0.0,0.0,1.0,34
Overwhelmed by the world? @legroff has a recommendation that‚Äôll help. ‚ÄúOf all the books I have reread to comfort my‚Ä¶ https://t.co/eOIVXAXBsU,Mon Jul 30 04:12:01 +0000 2018,0.66,0.286,0.0,0.714,35
"‚ÄúThere was anger here, but also a lot of beauty‚Äù: Eye-popping portraits for an age of protest https://t.co/tFLJqSWk8t",Mon Jul 30 03:54:15 +0000 2018,-0.593,0.0,0.244,0.756,36
"Australia's quolls, marsupials the size of squirrels, were eating themselves to death. Saving them would require a‚Ä¶ https://t.co/x2uPTmih7q",Mon Jul 30 03:37:23 +0000 2018,-0.599,0.0,0.187,0.813,37
For Sale: Survey Data on Millions of High School Students https://t.co/5xXRsQB84f,Mon Jul 30 03:18:08 +0000 2018,0.0,0.0,0.0,1.0,38
"For reporters covering conflict, Facebook, YouTube, WhatsApp, Twitter and Skype are tools to witness a movement https://t.co/wyT4JzB8vJ",Mon Jul 30 03:02:58 +0000 2018,-0.318,0.0,0.133,0.867,39
"¬Ø\_(„ÉÑ)_/¬Ø 
https://t.co/x0HPUXKYYU",Mon Jul 30 02:45:19 +0000 2018,0.0,0.0,0.0,1.0,40
"Iceland Airwaves, a festival focusing on new artists across all genres, says half of the acts on its stages will be‚Ä¶ https://t.co/YMkyl2nxDl",Mon Jul 30 02:26:55 +0000 2018,0.494,0.138,0.0,0.862,41
When it comes to cooking: chicken fat &gt; other types of fats https://t.co/y6SeFnXhqF,Mon Jul 30 02:08:14 +0000 2018,0.0,0.0,0.0,1.0,42
Whether a larvae becomes a member of the insect working class or royalty could depend on how their body uses insulin https://t.co/mnacmR68Jp,Mon Jul 30 01:52:06 +0000 2018,0.0,0.0,0.0,1.0,43
"Have a Cryptocurrency Company? Bermuda, Malta or Gibraltar Wants You https://t.co/XHnUl5TumG",Mon Jul 30 01:33:18 +0000 2018,0.0,0.0,0.0,1.0,44
"Welcome to Breyerfest, a treasured summer rite for those deliriously in love with horses https://t.co/h0fuzu4PrE",Mon Jul 30 01:32:30 +0000 2018,0.896,0.495,0.0,0.505,45
CBS Board to Meet on Les Moonves‚Äôs Role After Misconduct Allegations https://t.co/4QSRlRKgdi,Mon Jul 30 01:15:02 +0000 2018,0.0,0.0,0.0,1.0,46
This grilled rosemary pork tenderloin is an easy recipe you can enjoy year round https://t.co/Il5TThtajp https://t.co/h7L0owUJB4,Mon Jul 30 01:08:43 +0000 2018,0.71,0.3,0.059,0.64,47
The Ethicist responds to a man who asks: Should I forgo gay sex to donate blood? https://t.co/i6UfM1MWLz,Mon Jul 30 00:50:03 +0000 2018,0.0,0.0,0.0,1.0,48
11 and Married: Malaysia Spars Over Child Brides https://t.co/dvslDDdzPQ,Mon Jul 30 00:31:47 +0000 2018,0.0,0.0,0.0,1.0,49
"Carr Fire in California Claims Another Victim, Bringing Death Toll to 6 https://t.co/0t7lZba9Oo",Mon Jul 30 00:13:47 +0000 2018,-0.813,0.0,0.483,0.517,50
"They bonded over their love of beer, so for their wedding, this couple brewed their own. (Including beers called ‚ÄúW‚Ä¶ https://t.co/kEYM6IDjVN",Mon Jul 30 00:05:22 +0000 2018,0.637,0.174,0.0,0.826,51
Think Summer Child Care Is Tough? Low-Income Families Deal With That All Year https://t.co/WPXOTj0WMA,Sun Jul 29 23:47:06 +0000 2018,0.402,0.192,0.09,0.719,52
She has written about encryption tools. She once threw a CryptoParty with Edward Snowden in Hawaii. Now former hack‚Ä¶ https://t.co/21oVE2fnPv,Sun Jul 29 23:42:58 +0000 2018,0.0,0.0,0.0,1.0,53
Biographical Documentaries Are Big This Summer. Here Are Five More to Stream. https://t.co/rENlD2auoL,Sun Jul 29 23:24:20 +0000 2018,0.0,0.0,0.0,1.0,54
"With Imran Khan as New Leader, Pakistan Could Reshape Its Image https://t.co/LVhqL4IKO5",Sun Jul 29 23:21:15 +0000 2018,0.0,0.0,0.0,1.0,55
This stacked shortcake gives a classic summer dessert the large-format treatment it deserves https://t.co/QIL1IKIOPi https://t.co/1oAxYlICPR,Sun Jul 29 23:12:58 +0000 2018,0.0,0.0,0.0,1.0,56
A renowned musician hated the music played at one of his favorite restaurants. So he convinced the chef to let him‚Ä¶ https://t.co/39uQCEHMti,Sun Jul 29 22:58:06 +0000 2018,0.49,0.283,0.142,0.575,57
"Billy Joel recently celebrated his 100th show at Madison Square Garden. ‚ÄúI keep getting asked, ‚ÄòWhat‚Äôs the secret o‚Ä¶ https://t.co/OQgP8J0HeB",Sun Jul 29 22:39:39 +0000 2018,0.572,0.163,0.0,0.837,58
The Enthusiast: In Praise of Elizabeth Hardwick https://t.co/npSEdh5Qzt,Sun Jul 29 22:21:33 +0000 2018,0.727,0.504,0.0,0.496,59
Sulzberger recalled telling Trump that newspapers had begun posting armed guards outside their offices because of a‚Ä¶ https://t.co/Tst5bdEx7p,Sun Jul 29 22:16:42 +0000 2018,0.0,0.0,0.0,1.0,60
"MoviePass, the subscription-based movie ticket service, was forced last week to borrow $5 million after it reported‚Ä¶ https://t.co/kilPTotnOl",Sun Jul 29 22:00:09 +0000 2018,-0.459,0.0,0.15,0.85,61
"Future of MoviePass Is Cast in Doubt After Service Outage, Experts Say https://t.co/QsM1nTT3Pp",Sun Jul 29 21:52:35 +0000 2018,-0.361,0.0,0.172,0.828,62
"With their eyes on blockchain jobs and revenue, small countries and territories are competing to become the go-to d‚Ä¶ https://t.co/0aym75WwUG",Sun Jul 29 21:45:09 +0000 2018,0.0,0.0,0.0,1.0,63
Imran Khan brings more star power and mystique than any recent Pakistani leader and perhaps a better chance to chan‚Ä¶ https://t.co/nlZJZpP7m9,Sun Jul 29 21:30:07 +0000 2018,0.599,0.214,0.0,0.786,64
"Can you remove a color from an entire city? The artist Michael Rakowitz is trying to do so, as a tribute to Tamir R‚Ä¶ https://t.co/15kjmlf3s0",Sun Jul 29 21:15:04 +0000 2018,0.0,0.0,0.0,1.0,65
Sulzberger recalled telling Trump that newspapers had begun posting armed guards outside their offices because of a‚Ä¶ https://t.co/P3nNTZ4AT5,Sun Jul 29 21:10:26 +0000 2018,0.0,0.0,0.0,1.0,66
"‚ÄúWe completely regret what happened,‚Äù a spokesman for the cruise company said, adding the bear was killed in self-d‚Ä¶ https://t.co/EeUlQTw6zJ",Sun Jul 29 21:00:07 +0000 2018,-0.822,0.0,0.309,0.691,67
"In Opinion

Contributing opinion writer Sandeep Jauhar writes, ""No one wants to die prematurely, but when it‚Äôs thei‚Ä¶ https://t.co/2k9K3OePtJ",Sun Jul 29 20:45:08 +0000 2018,-0.468,0.0,0.192,0.808,68
Here are some ideas for what to cook this week https://t.co/64LkFJXrAH,Sun Jul 29 20:30:07 +0000 2018,0.0,0.0,0.0,1.0,69
Living in a lighthouse was a childhood dream for Margaret Winski. Now she plans to write a book about her time livi‚Ä¶ https://t.co/0S72JcFwDr,Sun Jul 29 20:15:05 +0000 2018,0.25,0.095,0.0,0.905,70
"Here are the week‚Äôs top stories, and a look ahead https://t.co/SNuieLVfpi",Sun Jul 29 20:00:13 +0000 2018,0.202,0.167,0.0,0.833,71
@MikeIsaac  https://t.co/7vUC6VzNos,Sun Jul 29 19:54:09 +0000 2018,0.0,0.0,0.0,1.0,72
Want to feel old? Tom Cruise has played Ethan Hunt in the ‚ÄúMission: Impossible‚Äù movie series for 22 years. https://t.co/D5YmYPRwS6,Sun Jul 29 19:45:07 +0000 2018,0.402,0.171,0.0,0.829,73
RT @MarkLandler: Times publisher A.G. Sulzberger told Trump in Oval Office meeting that newspapers were hiring  armed guards because of thr‚Ä¶,Sun Jul 29 19:36:43 +0000 2018,0.0,0.0,0.0,1.0,74
"In Opinion 

Editorial board member Brent Staples writes, ""This betrayal of trust opened a rift between black and w‚Ä¶ https://t.co/hfeT7NGIgR",Sun Jul 29 19:30:08 +0000 2018,-0.296,0.133,0.181,0.685,75
"Amid widespread protests over a power crisis, Iraq‚Äôs prime minister has ordered the suspension of the country‚Äôs ele‚Ä¶ https://t.co/ESI7Bx9EAl",Sun Jul 29 19:15:06 +0000 2018,-0.718,0.0,0.273,0.727,76
Zimbabweans prepare to vote in the first elections in their country since Robert Mugabe was ousted after 37 years i‚Ä¶ https://t.co/VQqvqvXBE4,Sun Jul 29 19:00:04 +0000 2018,0.0,0.0,0.0,1.0,77
Harvard says it does not discriminate. But its policies are being challenged by Asian-Americans who say they‚Äôve bee‚Ä¶ https://t.co/pjt2vI8qJT,Sun Jul 29 18:45:05 +0000 2018,-0.153,0.0,0.082,0.918,78
A.G. Sulzberger said he had accepted President Trump‚Äôs invitation for a meeting mainly to raise his concerns about‚Ä¶ https://t.co/QEPTyCtJ06,Sun Jul 29 18:30:09 +0000 2018,0.273,0.11,0.0,0.89,79
A woman said that responders told her she could not afford the $600 ambulance ride to take her daughter to the hosp‚Ä¶ https://t.co/XZ3NE0sQJ3,Sun Jul 29 18:15:04 +0000 2018,0.0,0.0,0.0,1.0,80
"Jay-Z, an executive producer of ‚ÄúRest in Power: The Trayvon Martin Story,"" discussed the series and how his views o‚Ä¶ https://t.co/gZNk7gAzx6",Sun Jul 29 18:00:05 +0000 2018,0.0,0.0,0.0,1.0,81
The widespread flooding caused by a dam accident in Laos highlights the government's priorities: foreign investment‚Ä¶ https://t.co/ZzcTkyuvMM,Sun Jul 29 17:45:02 +0000 2018,-0.477,0.0,0.171,0.829,82
House Democrats are on the verge of both a messy struggle for control of their caucus and an election that could we‚Ä¶ https://t.co/hlp8ipZClf,Sun Jul 29 17:30:09 +0000 2018,-0.586,0.0,0.194,0.806,83
"Paul Manafort, the lobbyist who helped run President Trump‚Äôs 2016 campaign, is scheduled to go to trial on financia‚Ä¶ https://t.co/DFZgJ4J0Ev",Sun Jul 29 17:15:06 +0000 2018,0.0,0.0,0.0,1.0,84
A Palestinian teenager jailed in Israel for kicking and slapping an Israeli soldier was released to a hero‚Äôs welcom‚Ä¶ https://t.co/xPygRilTaF,Sun Jul 29 17:00:11 +0000 2018,-0.494,0.0,0.158,0.842,85
"Muslim children were repeatedly warned about their clothing at a Delaware pool, leading to a mayoral apology and a‚Ä¶ https://t.co/Tiv8eKlsGu",Sun Jul 29 16:57:29 +0000 2018,-0.226,0.062,0.109,0.829,86
"‚ÄúSeventeen years after 9/11, we still haven‚Äôt figured this out.‚Äù https://t.co/HImjaWhMHv",Sun Jul 29 16:30:14 +0000 2018,0.0,0.0,0.0,1.0,87
"For some, a proposed cap on services like Uber is a civil rights issue. ‚ÄúRace-based refusal is a serious issue amon‚Ä¶ https://t.co/S6kLiZjIFY",Sun Jul 29 16:15:07 +0000 2018,0.296,0.12,0.062,0.817,88
Pressed at his 2006 hearing to express an opinion about whether the president could legally override the torture ba‚Ä¶ https://t.co/7satPHbAvW,Sun Jul 29 16:00:10 +0000 2018,-0.542,0.06,0.167,0.773,89
The Trump pick to lead the EPA's Superfund toxic waste program was Dow Chemical's lawyer during its own disputed di‚Ä¶ https://t.co/xjIS08Okg1,Sun Jul 29 15:45:08 +0000 2018,-0.637,0.0,0.215,0.785,90
"‚ÄúSo many people think they know me,‚Äù says Cynthia Nixon, the actress-turned-candidate for governor of New York, in‚Ä¶ https://t.co/RUoaVUpx58",Sun Jul 29 15:30:11 +0000 2018,0.0,0.0,0.0,1.0,91
"For more than 2 decades, Jeff Loeffelholz was an understudy in ""Chicago."" Then he killed himself. Now the productio‚Ä¶ https://t.co/eC3e2WKliD",Sun Jul 29 15:15:03 +0000 2018,-0.67,0.0,0.2,0.8,92
"RT @NYTimesPR: Statement of A.G. Sulzberger, Publisher, The New York Times, in response to President Trump‚Äôs tweet about their meeting http‚Ä¶",Sun Jul 29 15:13:32 +0000 2018,0.0,0.0,0.0,1.0,93
"When it gets cold in Bangkok, pet owners dress their dogs in sweatshirts or, if they have the money, Burberry rainc‚Ä¶ https://t.co/hybxIR6iej",Sun Jul 29 15:00:10 +0000 2018,0.0,0.0,0.0,1.0,94
"As millions of Venezuelans wage a daily fight for survival at home, others have found a safe haven for their money‚Ä¶ https://t.co/dlKgR40AQQ",Sun Jul 29 14:50:06 +0000 2018,0.077,0.123,0.111,0.766,95
"The comedy-destroying, soul-affirming art of Hannah Gadsby https://t.co/YIc9W6GXex https://t.co/T2fOvaHR5J",Sun Jul 29 14:40:05 +0000 2018,0.0,0.0,0.0,1.0,96
"These islands in the South Pacific are disappearing, but their inhabitants are doing everything they can to stay https://t.co/DAPrXjDrOt",Sun Jul 29 14:30:09 +0000 2018,0.0,0.0,0.0,1.0,97
A 60-year-old man fatally shot his father and stepmother in a nursing home in Texas https://t.co/8r0CatQ3E1,Sun Jul 29 14:20:06 +0000 2018,-0.637,0.0,0.244,0.756,98
"Summer thrillers, a parody of smutty novels, a dark family memoir: Here are 10 new books we recommend this week https://t.co/BBboCB4D3F",Sun Jul 29 14:10:03 +0000 2018,0.382,0.175,0.0,0.825,99
"RT @nytimesbusiness: An undeveloped, 157-acre hilltop plot of land is about to go on sale in Los Angeles. The asking price: $1 billion. htt‚Ä¶",Sun Jul 29 13:55:06 +0000 2018,0.0,0.0,0.0,1.0,100
